[02:31:44] [main/DEBUG] [FML/]: Injecting tracing printstreams for STDOUT/STDERR.
[02:31:44] [main/INFO] [FML/]: Forge Mod Loader version 7.99.40.1614 for Minecraft 1.7.10 loading
[02:31:44] [main/INFO] [FML/]: Java is OpenJDK 64-Bit Server VM, version 1.8.0_422, running on Windows 10:amd64:10.0, installed at C:\Users\Owner\.jdks\azul-1.8.0_422\jre
[02:31:44] [main/DEBUG] [FML/]: Java classpath at launch is C:\Users\Owner\.gradle\caches\modules-2\files-2.1\org.lwjgl.lwjgl\lwjgl\2.9.4-nightly-20150209\697517568c68e78ae0b4544145af031c81082dfe\lwjgl-2.9.4-nightly-20150209.jar;C:\Users\Owner\.gradle\caches\modules-2\files-2.1\org.lwjgl.lwjgl\lwjgl_util\2.9.4-nightly-20150209\d51a7c040a721d13efdfbd34f8b257b2df882ad0\lwjgl_util-2.9.4-nightly-20150209.jar;C:\Users\Owner\.gradle\caches\modules-2\files-2.1\org.lwjgl.lwjgl\lwjgl-platform\2.9.4-nightly-20150209\b84d5102b9dbfabfeb5e43c7e2828d98a7fc80e0\lwjgl-platform-2.9.4-nightly-20150209-natives-windows.jar;C:\Users\Owner\Documents\Downloads\bullshit\ItemBlacklistUnfucked\build\rfg\mclauncher-1.7.10.jar;C:\Users\Owner\Documents\Downloads\bullshit\ItemBlacklistUnfucked\build\rfg\recompiled_minecraft-1.7.10.jar;C:\Users\Owner\.gradle\caches\modules-2\files-2.1\net.minecraft\launchwrapper\1.12\111e7bea9c968cdb3d06ef4632bf7ff0824d0f36\launchwrapper-1.12.jar;C:\Users\Owner\.gradle\caches\modules-2\files-2.1\com.mojang\authlib\1.5.21\aefba0d5b53fbcb70860bc8046ab95d5854c07a5\authlib-1.5.21.jar;C:\Users\Owner\.gradle\caches\modules-2\files-2.1\com.google.code.findbugs\jsr305\2.0.1\516c03b21d50a644d538de0f0369c620989cd8f0\jsr305-2.0.1.jar;C:\Users\Owner\.gradle\caches\modules-2\files-2.1\com.typesafe.akka\akka-actor_2.11\2.3.3\ed62e9fc709ca0f2ff1a3220daa8b70a2870078e\akka-actor_2.11-2.3.3.jar;C:\Users\Owner\.gradle\caches\modules-2\files-2.1\com.typesafe\config\1.2.1\f771f71fdae3df231bcd54d5ca2d57f0bf93f467\config-1.2.1.jar;C:\Users\Owner\.gradle\caches\modules-2\files-2.1\org.scala-lang\scala-actors-migration_2.11\1.1.0\dfa8bc42b181d5b9f1a5dd147f8ae308b893eb6f\scala-actors-migration_2.11-1.1.0.jar;C:\Users\Owner\.gradle\caches\modules-2\files-2.1\org.scala-lang\scala-compiler\2.11.5\eb2631e425d240f55ffc060c3262caa4d05d8d1a\scala-compiler-2.11.5.jar;C:\Users\Owner\.gradle\caches\modules-2\files-2.1\org.scala-lang.plugins\scala-continuations-library_2.11\1.0.2\e517c53a7e9acd6b1668c5a35eccbaa3bab9aac\scala-continuations-library_2.11-1.0.2.jar;C:\Users\Owner\.gradle\caches\modules-2\files-2.1\org.scala-lang.plugins\scala-continuations-plugin_2.11.1\1.0.2\f361a3283452c57fa30c1ee69448995de23c60f7\scala-continuations-plugin_2.11.1-1.0.2.jar;C:\Users\Owner\.gradle\caches\modules-2\files-2.1\org.scala-lang\scala-library\2.11.5\a5544bb030c5e6c3d81ad116b7dc5024f047df26\scala-library-2.11.5.jar;C:\Users\Owner\.gradle\caches\modules-2\files-2.1\org.scala-lang\scala-parser-combinators_2.11\1.0.1\f05d7345bf5a58924f2837c6c1f4d73a938e1ff0\scala-parser-combinators_2.11-1.0.1.jar;C:\Users\Owner\.gradle\caches\modules-2\files-2.1\org.scala-lang\scala-reflect\2.11.5\69ce65b0f0767c4e5eafaf789fdde7aab78bd9d\scala-reflect-2.11.5.jar;C:\Users\Owner\.gradle\caches\modules-2\files-2.1\org.scala-lang\scala-swing_2.11\1.0.1\b1cdd92bd47b1e1837139c1c53020e86bb9112ae\scala-swing_2.11-1.0.1.jar;C:\Users\Owner\.gradle\caches\modules-2\files-2.1\org.scala-lang\scala-xml_2.11\1.0.2\7a80ec00aec122fba7cd4e0d4cdd87ff7e4cb6d0\scala-xml_2.11-1.0.2.jar;C:\Users\Owner\.gradle\caches\modules-2\files-2.1\lzma\lzma\0.0.1\521616dc7487b42bef0e803bd2fa3faf668101d7\lzma-0.0.1.jar;C:\Users\Owner\.gradle\caches\modules-2\files-2.1\org.ow2.asm\asm-debug-all\5.0.3\f9e364ae2a66ce2a543012a4668856e84e5dab74\asm-debug-all-5.0.3.jar;C:\Users\Owner\.gradle\caches\modules-2\files-2.1\com.paulscode\codecjorbis\20101023\c73b5636faf089d9f00e8732a829577de25237ee\codecjorbis-20101023.jar;C:\Users\Owner\.gradle\caches\modules-2\files-2.1\com.paulscode\codecwav\20101023\12f031cfe88fef5c1dd36c563c0a3a69bd7261da\codecwav-20101023.jar;C:\Users\Owner\.gradle\caches\modules-2\files-2.1\com.paulscode\libraryjavasound\20101123\5c5e304366f75f9eaa2e8cca546a1fb6109348b3\libraryjavasound-20101123.jar;C:\Users\Owner\.gradle\caches\modules-2\files-2.1\com.paulscode\librarylwjglopenal\20100824\73e80d0794c39665aec3f62eee88ca91676674ef\librarylwjglopenal-20100824.jar;C:\Users\Owner\.gradle\caches\modules-2\files-2.1\com.paulscode\soundsystem\20120107\419c05fe9be71f792b2d76cfc9b67f1ed0fec7f6\soundsystem-20120107.jar;C:\Users\Owner\.gradle\caches\modules-2\files-2.1\com.mojang\netty\1.8.8\a796914d1c8a55b4da9f4a8856dd9623375d8bb\netty-1.8.8.jar;C:\Users\Owner\.gradle\caches\modules-2\files-2.1\com.mojang\realms\1.3.5\807ae355ee63583becd7ea60e76aab1532bb42e\realms-1.3.5.jar;C:\Users\Owner\.gradle\caches\modules-2\files-2.1\org.apache.commons\commons-compress\1.8.1\a698750c16740fd5b3871425f4cb3bbaa87f529d\commons-compress-1.8.1.jar;C:\Users\Owner\.gradle\caches\modules-2\files-2.1\org.apache.httpcomponents\httpclient\4.3.3\18f4247ff4572a074444572cee34647c43e7c9c7\httpclient-4.3.3.jar;C:\Users\Owner\.gradle\caches\modules-2\files-2.1\commons-logging\commons-logging\1.1.3\f6f66e966c70a83ffbdb6f17a0919eaf7c8aca7f\commons-logging-1.1.3.jar;C:\Users\Owner\.gradle\caches\modules-2\files-2.1\org.apache.httpcomponents\httpcore\4.3.2\31fbbff1ddbf98f3aa7377c94d33b0447c646b6e\httpcore-4.3.2.jar;C:\Users\Owner\.gradle\caches\modules-2\files-2.1\java3d\vecmath\1.3.1\a0ae4f51da409fa0c20fa0ca59e6bbc9413ae71d\vecmath-1.3.1.jar;C:\Users\Owner\.gradle\caches\modules-2\files-2.1\net.sf.trove4j\trove4j\3.0.3\42ccaf4761f0dfdfa805c9e340d99a755907e2dd\trove4j-3.0.3.jar;C:\Users\Owner\.gradle\caches\modules-2\files-2.1\com.ibm.icu\icu4j-core-mojang\51.2\63d216a9311cca6be337c1e458e587f99d382b84\icu4j-core-mojang-51.2.jar;C:\Users\Owner\.gradle\caches\modules-2\files-2.1\net.sf.jopt-simple\jopt-simple\4.5\6065cc95c661255349c1d0756657be17c29a4fd3\jopt-simple-4.5.jar;C:\Users\Owner\.gradle\caches\modules-2\files-2.1\io.netty\netty-all\4.0.10.Final\9e50bd52ffe257a0e2cd8d971688d6ce7d174325\netty-all-4.0.10.Final.jar;C:\Users\Owner\.gradle\caches\modules-2\files-2.1\com.google.guava\guava\17.0\9c6ef172e8de35fd8d4d8783e4821e57cdef7445\guava-17.0.jar;C:\Users\Owner\.gradle\caches\modules-2\files-2.1\org.apache.commons\commons-lang3\3.3.2\90a3822c38ec8c996e84c16a3477ef632cbc87a3\commons-lang3-3.3.2.jar;C:\Users\Owner\.gradle\caches\modules-2\files-2.1\commons-io\commons-io\2.4\b1b6ea3b7e4aa4f492509a4952029cd8e48019ad\commons-io-2.4.jar;C:\Users\Owner\.gradle\caches\modules-2\files-2.1\commons-codec\commons-codec\1.9\9ce04e34240f674bc72680f8b843b1457383161a\commons-codec-1.9.jar;C:\Users\Owner\.gradle\caches\modules-2\files-2.1\net.java.jinput\jinput\2.0.5\39c7796b469a600f72380316f6b1f11db6c2c7c4\jinput-2.0.5.jar;C:\Users\Owner\.gradle\caches\modules-2\files-2.1\net.java.jutils\jutils\1.0.0\e12fe1fda814bd348c1579329c86943d2cd3c6a6\jutils-1.0.0.jar;C:\Users\Owner\.gradle\caches\modules-2\files-2.1\com.google.code.gson\gson\2.2.4\a60a5e993c98c864010053cb901b7eab25306568\gson-2.2.4.jar;C:\Users\Owner\.gradle\caches\modules-2\files-2.1\org.apache.logging.log4j\log4j-api\2.0-beta9-fixed\b61eaf2e64d8b0277e188262a8b771bbfa1502b3\log4j-api-2.0-beta9-fixed.jar;C:\Users\Owner\.gradle\caches\modules-2\files-2.1\org.apache.logging.log4j\log4j-core\2.0-beta9-fixed\677991ea2d7426f76309a73739cecf609679492c\log4j-core-2.0-beta9-fixed.jar;C:\Users\Owner\.gradle\caches\modules-2\files-2.1\net.java.jinput\jinput-platform\2.0.5\385ee093e01f587f30ee1c8a2ee7d408fd732e16\jinput-platform-2.0.5-natives-windows.jar;C:\Users\Owner\.gradle\caches\modules-2\files-2.1\net.java.jinput\jinput-platform\2.0.5\7ff832a6eb9ab6a767f1ade2b548092d0fa64795\jinput-platform-2.0.5-natives-linux.jar;C:\Users\Owner\.gradle\caches\modules-2\files-2.1\net.java.jinput\jinput-platform\2.0.5\53f9c919f34d2ca9de8c51fc4e1e8282029a9232\jinput-platform-2.0.5-natives-osx.jar;C:\Users\Owner\.gradle\caches\modules-2\files-2.1\tv.twitch\twitch\5.16\1f55f009c61637c10c0acfb8b5ffc600f30044b4\twitch-5.16.jar;C:\Users\Owner\.gradle\caches\modules-2\files-2.1\tv.twitch\twitch-platform\5.16\39d0c3d363735b4785598e0e7fbf8297c706a9f9\twitch-platform-5.16-natives-windows-64.jar;C:\Users\Owner\.gradle\caches\modules-2\files-2.1\tv.twitch\twitch-platform\5.16\7c6affe439099806a4f552da14c42f9d643d8b23\twitch-platform-5.16-natives-windows-32.jar;C:\Users\Owner\.gradle\caches\modules-2\files-2.1\tv.twitch\twitch-platform\5.16\62503ee712766cf77f97252e5902786fd834b8c5\twitch-platform-5.16-natives-osx.jar;C:\Users\Owner\.gradle\caches\modules-2\files-2.1\tv.twitch\twitch-external-platform\4.5\c3cde57891b935d41b6680a9c5e1502eeab76d86\twitch-external-platform-4.5-natives-windows-64.jar;C:\Users\Owner\.gradle\caches\modules-2\files-2.1\tv.twitch\twitch-external-platform\4.5\18215140f010c05b9f86ef6f0f8871954d2ccebf\twitch-external-platform-4.5-natives-windows-32.jar;C:\Users\Owner\Documents\Downloads\bullshit\ItemBlacklistUnfucked\build\libs\ItemBlacklistUnfucked-1.2.0-dev.jar;C:\Users\Owner\Documents\Downloads\bullshit\ItemBlacklistUnfucked\build\devmods\remapped\Mcheli Overdrive v2.1-deobf.jar;C:\Users\Owner\Documents\Downloads\bullshit\ItemBlacklistUnfucked\build\devmods\remapped\NoMoreRecipeConflictFixed-0.3-deobf.jar
[02:31:44] [main/DEBUG] [FML/]: Java library path at launch is C:\Users\Owner\Documents\Downloads\bullshit\ItemBlacklistUnfucked\run\natives\lwjgl2;C:\Program Files\Eclipse Adoptium\jdk-8.0.462.8-hotspot\bin;C:\WINDOWS\Sun\Java\bin;C:\WINDOWS\system32;C:\WINDOWS;C:\Program Files\Eclipse Adoptium\jdk-21.0.8.9-hotspot\bin;C:\Program Files\Eclipse Adoptium\jdk-17.0.16.8-hotspot\bin;C:\Program Files\Eclipse Adoptium\jdk-8.0.462.8-hotspot\bin;C:\Program Files\Zulu\zulu-8\bin\;C:\Program Files\Common Files\Oracle\Java\javapath;C:\Program Files (x86)\Common Files\Oracle\Java\java8path;C:\Program Files (x86)\Common Files\Oracle\Java\javapath;C:\Program Files\Java\jdk1.8.0_241\bin;C:\WINDOWS\system32;C:\WINDOWS;C:\WINDOWS\System32\Wbem;C:\WINDOWS\System32\WindowsPowerShell\v1.0\;C:\WINDOWS\System32\OpenSSH\;C:\Program Files\dotnet\;C:\Program Files (x86)\NVIDIA Corporation\PhysX\Common;C:\Program Files\Eclipse Adoptium\jdk-8.0.462.8-hotspot\\bin;E:\fucc;C:\Program Files\NVIDIA Corporation\NVIDIA app\NvDLISR;C:\Program Files\Git\cmd;C:\mavenshit\apache-maven-3.9.9-bin\apache-maven-3.9.9\bin;C:\Program Files\Git\bin;C:\Program Files\Git\usr\bin;C:\Program Files\7-Zip;C:\ffmpeg\ffmpeg-8.0-essentials_build\bin;;C:\worldpainter;C:\worldpaintermodern\worldpainter;C:\Users\Owner\AppData\Local\Microsoft\WindowsApps;C:\Users\Owner\AppData\Local\GitHubDesktop\bin;C:\Users\Owner\AppData\Local\Programs\Microsoft VS Code\bin;C:\Users\Owner\AppData\Local\JetBrains\Toolbox\scripts;;.
[02:31:44] [main/INFO] [FML/]: Managed to load a deobfuscated Minecraft name- we are in a deobfuscated environment. Skipping runtime deobfuscation
[02:31:44] [main/DEBUG] [FML/]: Instantiating coremod class FMLCorePlugin
[02:31:44] [main/DEBUG] [FML/]: Added access transformer class cpw.mods.fml.common.asm.transformers.AccessTransformer to enqueued access transformers
[02:31:44] [main/DEBUG] [FML/]: Enqueued coremod FMLCorePlugin
[02:31:44] [main/DEBUG] [FML/]: Instantiating coremod class FMLForgePlugin
[02:31:44] [main/DEBUG] [FML/]: Added access transformer class net.minecraftforge.transformers.ForgeAccessTransformer to enqueued access transformers
[02:31:44] [main/DEBUG] [FML/]: Enqueued coremod FMLForgePlugin
[02:31:44] [main/DEBUG] [FML/]: All fundamental core mods are successfully located
[02:31:44] [main/DEBUG] [FML/]: Attempting to load commandline specified mods, relative to C:\Users\Owner\Documents\Downloads\bullshit\ItemBlacklistUnfucked\run
[02:31:44] [main/DEBUG] [FML/]: Discovering coremods
[02:31:44] [main/INFO] [LaunchWrapper/]: Calling tweak class net.minecraftforge.gradle.tweakers.CoremodTweaker
[02:31:44] [main/INFO] [GradleStart/]: Injecting location in coremod cpw.mods.fml.relauncher.FMLCorePlugin
[02:31:44] [main/INFO] [GradleStart/]: Injecting location in coremod net.minecraftforge.classloading.FMLForgePlugin
[02:31:44] [main/INFO] [LaunchWrapper/]: Loading tweak class name cpw.mods.fml.common.launcher.FMLInjectionAndSortingTweaker
[02:31:44] [main/INFO] [LaunchWrapper/]: Loading tweak class name cpw.mods.fml.common.launcher.FMLDeobfTweaker
[02:31:44] [main/INFO] [LaunchWrapper/]: Loading tweak class name net.minecraftforge.gradle.tweakers.AccessTransformerTweaker
[02:31:44] [main/INFO] [LaunchWrapper/]: Calling tweak class cpw.mods.fml.common.launcher.FMLInjectionAndSortingTweaker
[02:31:44] [main/INFO] [LaunchWrapper/]: Calling tweak class cpw.mods.fml.common.launcher.FMLInjectionAndSortingTweaker
[02:31:44] [main/INFO] [LaunchWrapper/]: Calling tweak class cpw.mods.fml.relauncher.CoreModManager$FMLPluginWrapper
[02:31:44] [main/DEBUG] [FML/]: Injecting coremod FMLCorePlugin {cpw.mods.fml.relauncher.FMLCorePlugin} class transformers
[02:31:44] [main/TRACE] [FML/]: Registering transformer cpw.mods.fml.common.asm.transformers.MarkerTransformer
[02:31:44] [main/TRACE] [FML/]: Registering transformer cpw.mods.fml.common.asm.transformers.SideTransformer
[02:31:44] [main/TRACE] [FML/]: Registering transformer cpw.mods.fml.common.asm.transformers.EventSubscriptionTransformer
[02:31:44] [main/DEBUG] [FML/]: Injection complete
[02:31:44] [main/DEBUG] [FML/]: Running coremod plugin for FMLCorePlugin {cpw.mods.fml.relauncher.FMLCorePlugin}
[02:31:44] [main/DEBUG] [FML/]: Running coremod plugin FMLCorePlugin
[02:31:44] [main/ERROR] [FML/]: The binary patch set is missing. Either you are in a development environment, or things are not going to work!
[02:31:44] [main/ERROR] [FML/]: FML appears to be missing any signature data. This is not a good thing
[02:31:44] [main/DEBUG] [FML/]: Coremod plugin class FMLCorePlugin run successfully
[02:31:44] [main/INFO] [LaunchWrapper/]: Calling tweak class cpw.mods.fml.relauncher.CoreModManager$FMLPluginWrapper
[02:31:44] [main/DEBUG] [FML/]: Injecting coremod FMLForgePlugin {net.minecraftforge.classloading.FMLForgePlugin} class transformers
[02:31:44] [main/TRACE] [FML/]: Registering transformer net.minecraftforge.classloading.FluidIdTransformer
[02:31:44] [main/DEBUG] [FML/]: Injection complete
[02:31:44] [main/DEBUG] [FML/]: Running coremod plugin for FMLForgePlugin {net.minecraftforge.classloading.FMLForgePlugin}
[02:31:44] [main/DEBUG] [FML/]: Running coremod plugin FMLForgePlugin
[02:31:44] [main/DEBUG] [FML/]: Coremod plugin class FMLForgePlugin run successfully
[02:31:44] [main/INFO] [LaunchWrapper/]: Calling tweak class cpw.mods.fml.common.launcher.FMLDeobfTweaker
[02:31:44] [main/DEBUG] [FML/]: Loaded 57 rules from AccessTransformer config file fml_at.cfg
[02:31:44] [main/DEBUG] [FML/]: Loaded 89 rules from AccessTransformer config file forge_at.cfg
[02:31:44] [main/DEBUG] [FML/]: Validating minecraft
[02:31:44] [main/DEBUG] [FML/]: Minecraft validated, launching...
[02:31:44] [main/INFO] [LaunchWrapper/]: Calling tweak class net.minecraftforge.gradle.tweakers.AccessTransformerTweaker
[02:31:44] [main/INFO] [LaunchWrapper/]: Loading tweak class name cpw.mods.fml.common.launcher.TerminalTweaker
[02:31:44] [main/INFO] [LaunchWrapper/]: Calling tweak class cpw.mods.fml.common.launcher.TerminalTweaker
[02:31:44] [main/INFO] [LaunchWrapper/]: Launching wrapped minecraft {net.minecraft.client.main.Main}
[02:31:46] [Client thread/DEBUG] [FML/]: Bar Finished: Loading Resource - LanguageManager took 0.015s
[02:31:46] [Client thread/INFO] [FML/]: Could not load splash.properties, will create a default one
[02:31:46] [Client thread/ERROR] [FML/]: Could not save the splash.properties file
java.io.FileNotFoundException: C:\Users\Owner\Documents\Downloads\bullshit\ItemBlacklistUnfucked\run\config\splash.properties (The system cannot find the path specified)
	at java.io.FileOutputStream.open0(Native Method) ~[?:1.8.0_422]
	at java.io.FileOutputStream.open(FileOutputStream.java:270) ~[?:1.8.0_422]
	at java.io.FileOutputStream.<init>(FileOutputStream.java:213) ~[?:1.8.0_422]
	at java.io.FileOutputStream.<init>(FileOutputStream.java:162) ~[?:1.8.0_422]
	at java.io.FileWriter.<init>(FileWriter.java:90) ~[?:1.8.0_422]
	at cpw.mods.fml.client.SplashProgress.start(SplashProgress.java:151) [SplashProgress.class:?]
	at cpw.mods.fml.client.FMLClientHandler.beginMinecraftLoading(FMLClientHandler.java:193) [FMLClientHandler.class:?]
	at net.minecraft.client.Minecraft.startGame(Minecraft.java:522) [Minecraft.class:?]
	at net.minecraft.client.Minecraft.run(Minecraft.java:942) [Minecraft.class:?]
	at net.minecraft.client.main.Main.main(Main.java:164) [Main.class:?]
	at sun.reflect.NativeMethodAccessorImpl.invoke0(Native Method) ~[?:1.8.0_422]
	at sun.reflect.NativeMethodAccessorImpl.invoke(NativeMethodAccessorImpl.java:62) ~[?:1.8.0_422]
	at sun.reflect.DelegatingMethodAccessorImpl.invoke(DelegatingMethodAccessorImpl.java:43) ~[?:1.8.0_422]
	at java.lang.reflect.Method.invoke(Method.java:498) ~[?:1.8.0_422]
	at net.minecraft.launchwrapper.Launch.launch(Launch.java:135) [launchwrapper-1.12.jar:?]
	at net.minecraft.launchwrapper.Launch.main(Launch.java:28) [launchwrapper-1.12.jar:?]
	at net.minecraftforge.gradle.GradleStartCommon.launch(GradleStartCommon.java:97) [mclauncher-1.7.10.jar:?]
	at GradleStart.main(GradleStart.java:40) [mclauncher-1.7.10.jar:?]
[02:31:46] [Client thread/INFO] [STDOUT/]: [cpw.mods.fml.client.SplashProgress:start:188]: ---- Minecraft Crash Report ----
// Uh... Did I do that?

Time: 8/20/26 2:31 AM
Description: Loading screen debug info

This is just a prompt for computer specs to be printed. THIS IS NOT A ERROR


A detailed walkthrough of the error, its code path and all known details is as follows:
---------------------------------------------------------------------------------------

-- System Details --
Details:
	Minecraft Version: 1.7.10
	Operating System: Windows 10 (amd64) version 10.0
	Java Version: 1.8.0_422, Azul Systems, Inc.
	Java VM Version: OpenJDK 64-Bit Server VM (mixed mode), Azul Systems, Inc.
	Memory: 897175072 bytes (855 MB) / 1029177344 bytes (981 MB) up to 5726797824 bytes (5461 MB)
	JVM Flags: 2 total; -Xms1G -Xmx6G
	AABB Pool Size: 0 (0 bytes; 0 MB) allocated, 0 (0 bytes; 0 MB) used
	IntCache: cache: 0, tcache: 0, allocated: 0, tallocated: 0
	FML: 
	GL info: ' Vendor: 'NVIDIA Corporation' Version: '4.6.0 NVIDIA 610.88' Renderer: 'NVIDIA GeForce RTX 2080 SUPER/PCIe/SSE2'
[02:31:46] [Client thread/INFO] [MinecraftForge/]: Attempting early MinecraftForge initialization
[02:31:46] [Client thread/INFO] [FML/]: MinecraftForge v10.13.4.1614 Initialized
[02:31:46] [Client thread/INFO] [FML/]: Replaced 183 ore recipies
[02:31:46] [Client thread/INFO] [MinecraftForge/]: Completed early MinecraftForge initialization
[02:31:46] [Client thread/DEBUG] [FML/]: No config directory found, creating one: C:\Users\Owner\Documents\Downloads\bullshit\ItemBlacklistUnfucked\run\config
[02:31:46] [Client thread/INFO] [FML/]: Config directory created successfully
[02:31:46] [Client thread/DEBUG] [FML/]: File C:\Users\Owner\Documents\Downloads\bullshit\ItemBlacklistUnfucked\run\config\injectedDependencies.json not found. No dependencies injected
[02:31:46] [Client thread/DEBUG] [FML/]: Building injected Mod Containers [cpw.mods.fml.common.FMLContainer, net.minecraftforge.common.ForgeModContainer]
[02:31:46] [Client thread/DEBUG] [FML/]: Attempting to load mods contained in the minecraft jar file and associated classes
[02:31:46] [Client thread/DEBUG] [FML/]: Found a minecraft related file at C:\Users\Owner\.gradle\caches\modules-2\files-2.1\org.lwjgl.lwjgl\lwjgl\2.9.4-nightly-20150209\697517568c68e78ae0b4544145af031c81082dfe\lwjgl-2.9.4-nightly-20150209.jar, examining for mod candidates
[02:31:46] [Client thread/DEBUG] [FML/]: Found a minecraft related file at C:\Users\Owner\.gradle\caches\modules-2\files-2.1\org.lwjgl.lwjgl\lwjgl_util\2.9.4-nightly-20150209\d51a7c040a721d13efdfbd34f8b257b2df882ad0\lwjgl_util-2.9.4-nightly-20150209.jar, examining for mod candidates
[02:31:46] [Client thread/DEBUG] [FML/]: Found a minecraft related file at C:\Users\Owner\.gradle\caches\modules-2\files-2.1\org.lwjgl.lwjgl\lwjgl-platform\2.9.4-nightly-20150209\b84d5102b9dbfabfeb5e43c7e2828d98a7fc80e0\lwjgl-platform-2.9.4-nightly-20150209-natives-windows.jar, examining for mod candidates
[02:31:46] [Client thread/DEBUG] [FML/]: Found a minecraft related file at C:\Users\Owner\Documents\Downloads\bullshit\ItemBlacklistUnfucked\build\rfg\mclauncher-1.7.10.jar, examining for mod candidates
[02:31:46] [Client thread/DEBUG] [FML/]: Found a minecraft related file at C:\Users\Owner\Documents\Downloads\bullshit\ItemBlacklistUnfucked\build\rfg\recompiled_minecraft-1.7.10.jar, examining for mod candidates
[02:31:46] [Client thread/DEBUG] [FML/]: Found a minecraft related file at C:\Users\Owner\.gradle\caches\modules-2\files-2.1\net.minecraft\launchwrapper\1.12\111e7bea9c968cdb3d06ef4632bf7ff0824d0f36\launchwrapper-1.12.jar, examining for mod candidates
[02:31:46] [Client thread/DEBUG] [FML/]: Found a minecraft related file at C:\Users\Owner\.gradle\caches\modules-2\files-2.1\com.mojang\authlib\1.5.21\aefba0d5b53fbcb70860bc8046ab95d5854c07a5\authlib-1.5.21.jar, examining for mod candidates
[02:31:46] [Client thread/DEBUG] [FML/]: Found a minecraft related file at C:\Users\Owner\.gradle\caches\modules-2\files-2.1\com.google.code.findbugs\jsr305\2.0.1\516c03b21d50a644d538de0f0369c620989cd8f0\jsr305-2.0.1.jar, examining for mod candidates
[02:31:46] [Client thread/DEBUG] [FML/]: Found a minecraft related file at C:\Users\Owner\.gradle\caches\modules-2\files-2.1\com.typesafe.akka\akka-actor_2.11\2.3.3\ed62e9fc709ca0f2ff1a3220daa8b70a2870078e\akka-actor_2.11-2.3.3.jar, examining for mod candidates
[02:31:46] [Client thread/DEBUG] [FML/]: Found a minecraft related file at C:\Users\Owner\.gradle\caches\modules-2\files-2.1\com.typesafe\config\1.2.1\f771f71fdae3df231bcd54d5ca2d57f0bf93f467\config-1.2.1.jar, examining for mod candidates
[02:31:46] [Client thread/DEBUG] [FML/]: Found a minecraft related file at C:\Users\Owner\.gradle\caches\modules-2\files-2.1\org.scala-lang\scala-actors-migration_2.11\1.1.0\dfa8bc42b181d5b9f1a5dd147f8ae308b893eb6f\scala-actors-migration_2.11-1.1.0.jar, examining for mod candidates
[02:31:46] [Client thread/DEBUG] [FML/]: Found a minecraft related file at C:\Users\Owner\.gradle\caches\modules-2\files-2.1\org.scala-lang\scala-compiler\2.11.5\eb2631e425d240f55ffc060c3262caa4d05d8d1a\scala-compiler-2.11.5.jar, examining for mod candidates
[02:31:46] [Client thread/DEBUG] [FML/]: Found a minecraft related file at C:\Users\Owner\.gradle\caches\modules-2\files-2.1\org.scala-lang.plugins\scala-continuations-library_2.11\1.0.2\e517c53a7e9acd6b1668c5a35eccbaa3bab9aac\scala-continuations-library_2.11-1.0.2.jar, examining for mod candidates
[02:31:46] [Client thread/DEBUG] [FML/]: Found a minecraft related file at C:\Users\Owner\.gradle\caches\modules-2\files-2.1\org.scala-lang.plugins\scala-continuations-plugin_2.11.1\1.0.2\f361a3283452c57fa30c1ee69448995de23c60f7\scala-continuations-plugin_2.11.1-1.0.2.jar, examining for mod candidates
[02:31:46] [Client thread/DEBUG] [FML/]: Found a minecraft related file at C:\Users\Owner\.gradle\caches\modules-2\files-2.1\org.scala-lang\scala-library\2.11.5\a5544bb030c5e6c3d81ad116b7dc5024f047df26\scala-library-2.11.5.jar, examining for mod candidates
[02:31:46] [Client thread/DEBUG] [FML/]: Found a minecraft related file at C:\Users\Owner\.gradle\caches\modules-2\files-2.1\org.scala-lang\scala-parser-combinators_2.11\1.0.1\f05d7345bf5a58924f2837c6c1f4d73a938e1ff0\scala-parser-combinators_2.11-1.0.1.jar, examining for mod candidates
[02:31:46] [Client thread/DEBUG] [FML/]: Found a minecraft related file at C:\Users\Owner\.gradle\caches\modules-2\files-2.1\org.scala-lang\scala-reflect\2.11.5\69ce65b0f0767c4e5eafaf789fdde7aab78bd9d\scala-reflect-2.11.5.jar, examining for mod candidates
[02:31:46] [Client thread/DEBUG] [FML/]: Found a minecraft related file at C:\Users\Owner\.gradle\caches\modules-2\files-2.1\org.scala-lang\scala-swing_2.11\1.0.1\b1cdd92bd47b1e1837139c1c53020e86bb9112ae\scala-swing_2.11-1.0.1.jar, examining for mod candidates
[02:31:46] [Client thread/DEBUG] [FML/]: Found a minecraft related file at C:\Users\Owner\.gradle\caches\modules-2\files-2.1\org.scala-lang\scala-xml_2.11\1.0.2\7a80ec00aec122fba7cd4e0d4cdd87ff7e4cb6d0\scala-xml_2.11-1.0.2.jar, examining for mod candidates
[02:31:46] [Client thread/DEBUG] [FML/]: Found a minecraft related file at C:\Users\Owner\.gradle\caches\modules-2\files-2.1\lzma\lzma\0.0.1\521616dc7487b42bef0e803bd2fa3faf668101d7\lzma-0.0.1.jar, examining for mod candidates
[02:31:46] [Client thread/DEBUG] [FML/]: Found a minecraft related file at C:\Users\Owner\.gradle\caches\modules-2\files-2.1\org.ow2.asm\asm-debug-all\5.0.3\f9e364ae2a66ce2a543012a4668856e84e5dab74\asm-debug-all-5.0.3.jar, examining for mod candidates
[02:31:46] [Client thread/DEBUG] [FML/]: Found a minecraft related file at C:\Users\Owner\.gradle\caches\modules-2\files-2.1\com.paulscode\codecjorbis\20101023\c73b5636faf089d9f00e8732a829577de25237ee\codecjorbis-20101023.jar, examining for mod candidates
[02:31:46] [Client thread/DEBUG] [FML/]: Found a minecraft related file at C:\Users\Owner\.gradle\caches\modules-2\files-2.1\com.paulscode\codecwav\20101023\12f031cfe88fef5c1dd36c563c0a3a69bd7261da\codecwav-20101023.jar, examining for mod candidates
[02:31:46] [Client thread/DEBUG] [FML/]: Found a minecraft related file at C:\Users\Owner\.gradle\caches\modules-2\files-2.1\com.paulscode\libraryjavasound\20101123\5c5e304366f75f9eaa2e8cca546a1fb6109348b3\libraryjavasound-20101123.jar, examining for mod candidates
[02:31:46] [Client thread/DEBUG] [FML/]: Found a minecraft related file at C:\Users\Owner\.gradle\caches\modules-2\files-2.1\com.paulscode\librarylwjglopenal\20100824\73e80d0794c39665aec3f62eee88ca91676674ef\librarylwjglopenal-20100824.jar, examining for mod candidates
[02:31:46] [Client thread/DEBUG] [FML/]: Found a minecraft related file at C:\Users\Owner\.gradle\caches\modules-2\files-2.1\com.paulscode\soundsystem\20120107\419c05fe9be71f792b2d76cfc9b67f1ed0fec7f6\soundsystem-20120107.jar, examining for mod candidates
[02:31:46] [Client thread/DEBUG] [FML/]: Found a minecraft related file at C:\Users\Owner\.gradle\caches\modules-2\files-2.1\com.mojang\netty\1.8.8\a796914d1c8a55b4da9f4a8856dd9623375d8bb\netty-1.8.8.jar, examining for mod candidates
[02:31:46] [Client thread/DEBUG] [FML/]: Found a minecraft related file at C:\Users\Owner\.gradle\caches\modules-2\files-2.1\com.mojang\realms\1.3.5\807ae355ee63583becd7ea60e76aab1532bb42e\realms-1.3.5.jar, examining for mod candidates
[02:31:46] [Client thread/DEBUG] [FML/]: Found a minecraft related file at C:\Users\Owner\.gradle\caches\modules-2\files-2.1\org.apache.commons\commons-compress\1.8.1\a698750c16740fd5b3871425f4cb3bbaa87f529d\commons-compress-1.8.1.jar, examining for mod candidates
[02:31:46] [Client thread/DEBUG] [FML/]: Found a minecraft related file at C:\Users\Owner\.gradle\caches\modules-2\files-2.1\org.apache.httpcomponents\httpclient\4.3.3\18f4247ff4572a074444572cee34647c43e7c9c7\httpclient-4.3.3.jar, examining for mod candidates
[02:31:46] [Client thread/DEBUG] [FML/]: Found a minecraft related file at C:\Users\Owner\.gradle\caches\modules-2\files-2.1\commons-logging\commons-logging\1.1.3\f6f66e966c70a83ffbdb6f17a0919eaf7c8aca7f\commons-logging-1.1.3.jar, examining for mod candidates
[02:31:46] [Client thread/DEBUG] [FML/]: Found a minecraft related file at C:\Users\Owner\.gradle\caches\modules-2\files-2.1\org.apache.httpcomponents\httpcore\4.3.2\31fbbff1ddbf98f3aa7377c94d33b0447c646b6e\httpcore-4.3.2.jar, examining for mod candidates
[02:31:46] [Client thread/DEBUG] [FML/]: Found a minecraft related file at C:\Users\Owner\.gradle\caches\modules-2\files-2.1\java3d\vecmath\1.3.1\a0ae4f51da409fa0c20fa0ca59e6bbc9413ae71d\vecmath-1.3.1.jar, examining for mod candidates
[02:31:46] [Client thread/DEBUG] [FML/]: Found a minecraft related file at C:\Users\Owner\.gradle\caches\modules-2\files-2.1\net.sf.trove4j\trove4j\3.0.3\42ccaf4761f0dfdfa805c9e340d99a755907e2dd\trove4j-3.0.3.jar, examining for mod candidates
[02:31:46] [Client thread/DEBUG] [FML/]: Found a minecraft related file at C:\Users\Owner\.gradle\caches\modules-2\files-2.1\com.ibm.icu\icu4j-core-mojang\51.2\63d216a9311cca6be337c1e458e587f99d382b84\icu4j-core-mojang-51.2.jar, examining for mod candidates
[02:31:46] [Client thread/DEBUG] [FML/]: Found a minecraft related file at C:\Users\Owner\.gradle\caches\modules-2\files-2.1\net.sf.jopt-simple\jopt-simple\4.5\6065cc95c661255349c1d0756657be17c29a4fd3\jopt-simple-4.5.jar, examining for mod candidates
[02:31:46] [Client thread/DEBUG] [FML/]: Found a minecraft related file at C:\Users\Owner\.gradle\caches\modules-2\files-2.1\io.netty\netty-all\4.0.10.Final\9e50bd52ffe257a0e2cd8d971688d6ce7d174325\netty-all-4.0.10.Final.jar, examining for mod candidates
[02:31:46] [Client thread/DEBUG] [FML/]: Found a minecraft related file at C:\Users\Owner\.gradle\caches\modules-2\files-2.1\com.google.guava\guava\17.0\9c6ef172e8de35fd8d4d8783e4821e57cdef7445\guava-17.0.jar, examining for mod candidates
[02:31:46] [Client thread/DEBUG] [FML/]: Found a minecraft related file at C:\Users\Owner\.gradle\caches\modules-2\files-2.1\org.apache.commons\commons-lang3\3.3.2\90a3822c38ec8c996e84c16a3477ef632cbc87a3\commons-lang3-3.3.2.jar, examining for mod candidates
[02:31:46] [Client thread/DEBUG] [FML/]: Found a minecraft related file at C:\Users\Owner\.gradle\caches\modules-2\files-2.1\commons-io\commons-io\2.4\b1b6ea3b7e4aa4f492509a4952029cd8e48019ad\commons-io-2.4.jar, examining for mod candidates
[02:31:46] [Client thread/DEBUG] [FML/]: Found a minecraft related file at C:\Users\Owner\.gradle\caches\modules-2\files-2.1\commons-codec\commons-codec\1.9\9ce04e34240f674bc72680f8b843b1457383161a\commons-codec-1.9.jar, examining for mod candidates
[02:31:46] [Client thread/DEBUG] [FML/]: Found a minecraft related file at C:\Users\Owner\.gradle\caches\modules-2\files-2.1\net.java.jinput\jinput\2.0.5\39c7796b469a600f72380316f6b1f11db6c2c7c4\jinput-2.0.5.jar, examining for mod candidates
[02:31:46] [Client thread/DEBUG] [FML/]: Found a minecraft related file at C:\Users\Owner\.gradle\caches\modules-2\files-2.1\net.java.jutils\jutils\1.0.0\e12fe1fda814bd348c1579329c86943d2cd3c6a6\jutils-1.0.0.jar, examining for mod candidates
[02:31:46] [Client thread/DEBUG] [FML/]: Found a minecraft related file at C:\Users\Owner\.gradle\caches\modules-2\files-2.1\com.google.code.gson\gson\2.2.4\a60a5e993c98c864010053cb901b7eab25306568\gson-2.2.4.jar, examining for mod candidates
[02:31:46] [Client thread/DEBUG] [FML/]: Found a minecraft related file at C:\Users\Owner\.gradle\caches\modules-2\files-2.1\org.apache.logging.log4j\log4j-api\2.0-beta9-fixed\b61eaf2e64d8b0277e188262a8b771bbfa1502b3\log4j-api-2.0-beta9-fixed.jar, examining for mod candidates
[02:31:46] [Client thread/DEBUG] [FML/]: Found a minecraft related file at C:\Users\Owner\.gradle\caches\modules-2\files-2.1\org.apache.logging.log4j\log4j-core\2.0-beta9-fixed\677991ea2d7426f76309a73739cecf609679492c\log4j-core-2.0-beta9-fixed.jar, examining for mod candidates
[02:31:46] [Client thread/DEBUG] [FML/]: Found a minecraft related file at C:\Users\Owner\.gradle\caches\modules-2\files-2.1\net.java.jinput\jinput-platform\2.0.5\385ee093e01f587f30ee1c8a2ee7d408fd732e16\jinput-platform-2.0.5-natives-windows.jar, examining for mod candidates
[02:31:46] [Client thread/DEBUG] [FML/]: Found a minecraft related file at C:\Users\Owner\.gradle\caches\modules-2\files-2.1\net.java.jinput\jinput-platform\2.0.5\7ff832a6eb9ab6a767f1ade2b548092d0fa64795\jinput-platform-2.0.5-natives-linux.jar, examining for mod candidates
[02:31:46] [Client thread/DEBUG] [FML/]: Found a minecraft related file at C:\Users\Owner\.gradle\caches\modules-2\files-2.1\net.java.jinput\jinput-platform\2.0.5\53f9c919f34d2ca9de8c51fc4e1e8282029a9232\jinput-platform-2.0.5-natives-osx.jar, examining for mod candidates
[02:31:46] [Client thread/DEBUG] [FML/]: Found a minecraft related file at C:\Users\Owner\.gradle\caches\modules-2\files-2.1\tv.twitch\twitch\5.16\1f55f009c61637c10c0acfb8b5ffc600f30044b4\twitch-5.16.jar, examining for mod candidates
[02:31:46] [Client thread/DEBUG] [FML/]: Found a minecraft related file at C:\Users\Owner\.gradle\caches\modules-2\files-2.1\tv.twitch\twitch-platform\5.16\39d0c3d363735b4785598e0e7fbf8297c706a9f9\twitch-platform-5.16-natives-windows-64.jar, examining for mod candidates
[02:31:46] [Client thread/DEBUG] [FML/]: Found a minecraft related file at C:\Users\Owner\.gradle\caches\modules-2\files-2.1\tv.twitch\twitch-platform\5.16\7c6affe439099806a4f552da14c42f9d643d8b23\twitch-platform-5.16-natives-windows-32.jar, examining for mod candidates
[02:31:46] [Client thread/DEBUG] [FML/]: Found a minecraft related file at C:\Users\Owner\.gradle\caches\modules-2\files-2.1\tv.twitch\twitch-platform\5.16\62503ee712766cf77f97252e5902786fd834b8c5\twitch-platform-5.16-natives-osx.jar, examining for mod candidates
[02:31:46] [Client thread/DEBUG] [FML/]: Found a minecraft related file at C:\Users\Owner\.gradle\caches\modules-2\files-2.1\tv.twitch\twitch-external-platform\4.5\c3cde57891b935d41b6680a9c5e1502eeab76d86\twitch-external-platform-4.5-natives-windows-64.jar, examining for mod candidates
[02:31:46] [Client thread/DEBUG] [FML/]: Found a minecraft related file at C:\Users\Owner\.gradle\caches\modules-2\files-2.1\tv.twitch\twitch-external-platform\4.5\18215140f010c05b9f86ef6f0f8871954d2ccebf\twitch-external-platform-4.5-natives-windows-32.jar, examining for mod candidates
[02:31:46] [Client thread/DEBUG] [FML/]: Found a minecraft related file at C:\Users\Owner\Documents\Downloads\bullshit\ItemBlacklistUnfucked\build\libs\ItemBlacklistUnfucked-1.2.0-dev.jar, examining for mod candidates
[02:31:46] [Client thread/DEBUG] [FML/]: Found a minecraft related file at C:\Users\Owner\Documents\Downloads\bullshit\ItemBlacklistUnfucked\build\devmods\remapped\Mcheli Overdrive v2.1-deobf.jar, examining for mod candidates
[02:31:46] [Client thread/DEBUG] [FML/]: Found a minecraft related file at C:\Users\Owner\Documents\Downloads\bullshit\ItemBlacklistUnfucked\build\devmods\remapped\NoMoreRecipeConflictFixed-0.3-deobf.jar, examining for mod candidates
[02:31:46] [Client thread/DEBUG] [FML/]: Minecraft jar mods loaded successfully
[02:31:46] [Client thread/INFO] [FML/]: Found 0 mods from the command line. Injecting into mod discoverer
[02:31:46] [Client thread/INFO] [FML/]: Searching C:\Users\Owner\Documents\Downloads\bullshit\ItemBlacklistUnfucked\run\mods for mods
[02:31:46] [Client thread/DEBUG] [FML/]: Examining file lwjgl-2.9.4-nightly-20150209.jar for potential mods
[02:31:46] [Client thread/DEBUG] [FML/]: The mod container lwjgl-2.9.4-nightly-20150209.jar appears to be missing an mcmod.info file
[02:31:46] [Client thread/DEBUG] [FML/]: Examining file lwjgl_util-2.9.4-nightly-20150209.jar for potential mods
[02:31:46] [Client thread/DEBUG] [FML/]: The mod container lwjgl_util-2.9.4-nightly-20150209.jar appears to be missing an mcmod.info file
[02:31:46] [Client thread/DEBUG] [FML/]: Examining file lwjgl-platform-2.9.4-nightly-20150209-natives-windows.jar for potential mods
[02:31:46] [Client thread/DEBUG] [FML/]: The mod container lwjgl-platform-2.9.4-nightly-20150209-natives-windows.jar appears to be missing an mcmod.info file
[02:31:46] [Client thread/DEBUG] [FML/]: Examining file mclauncher-1.7.10.jar for potential mods
[02:31:46] [Client thread/DEBUG] [FML/]: The mod container mclauncher-1.7.10.jar appears to be missing an mcmod.info file
[02:31:46] [Client thread/DEBUG] [FML/]: Examining file recompiled_minecraft-1.7.10.jar for potential mods
[02:31:46] [Client thread/DEBUG] [FML/]: The mod container recompiled_minecraft-1.7.10.jar appears to be missing an mcmod.info file
[02:31:47] [Client thread/DEBUG] [FML/]: Examining file launchwrapper-1.12.jar for potential mods
[02:31:47] [Client thread/DEBUG] [FML/]: The mod container launchwrapper-1.12.jar appears to be missing an mcmod.info file
[02:31:47] [Client thread/DEBUG] [FML/]: Examining file authlib-1.5.21.jar for potential mods
[02:31:47] [Client thread/DEBUG] [FML/]: The mod container authlib-1.5.21.jar appears to be missing an mcmod.info file
[02:31:47] [Client thread/DEBUG] [FML/]: Examining file jsr305-2.0.1.jar for potential mods
[02:31:47] [Client thread/DEBUG] [FML/]: The mod container jsr305-2.0.1.jar appears to be missing an mcmod.info file
[02:31:47] [Client thread/DEBUG] [FML/]: Examining file akka-actor_2.11-2.3.3.jar for potential mods
[02:31:47] [Client thread/DEBUG] [FML/]: The mod container akka-actor_2.11-2.3.3.jar appears to be missing an mcmod.info file
[02:31:47] [Client thread/DEBUG] [FML/]: Examining file config-1.2.1.jar for potential mods
[02:31:47] [Client thread/DEBUG] [FML/]: The mod container config-1.2.1.jar appears to be missing an mcmod.info file
[02:31:47] [Client thread/DEBUG] [FML/]: Examining file scala-actors-migration_2.11-1.1.0.jar for potential mods
[02:31:47] [Client thread/DEBUG] [FML/]: The mod container scala-actors-migration_2.11-1.1.0.jar appears to be missing an mcmod.info file
[02:31:47] [Client thread/DEBUG] [FML/]: Examining file scala-compiler-2.11.5.jar for potential mods
[02:31:47] [Client thread/DEBUG] [FML/]: The mod container scala-compiler-2.11.5.jar appears to be missing an mcmod.info file
[02:31:49] [Client thread/DEBUG] [FML/]: Examining file scala-continuations-library_2.11-1.0.2.jar for potential mods
[02:31:49] [Client thread/DEBUG] [FML/]: The mod container scala-continuations-library_2.11-1.0.2.jar appears to be missing an mcmod.info file
[02:31:49] [Client thread/DEBUG] [FML/]: Examining file scala-continuations-plugin_2.11.1-1.0.2.jar for potential mods
[02:31:49] [Client thread/DEBUG] [FML/]: The mod container scala-continuations-plugin_2.11.1-1.0.2.jar appears to be missing an mcmod.info file
[02:31:49] [Client thread/DEBUG] [FML/]: Examining file scala-library-2.11.5.jar for potential mods
[02:31:49] [Client thread/DEBUG] [FML/]: The mod container scala-library-2.11.5.jar appears to be missing an mcmod.info file
[02:31:49] [Client thread/DEBUG] [FML/]: Examining file scala-parser-combinators_2.11-1.0.1.jar for potential mods
[02:31:49] [Client thread/DEBUG] [FML/]: The mod container scala-parser-combinators_2.11-1.0.1.jar appears to be missing an mcmod.info file
[02:31:49] [Client thread/DEBUG] [FML/]: Examining file scala-reflect-2.11.5.jar for potential mods
[02:31:49] [Client thread/DEBUG] [FML/]: The mod container scala-reflect-2.11.5.jar appears to be missing an mcmod.info file
[02:31:50] [Client thread/DEBUG] [FML/]: Examining file scala-swing_2.11-1.0.1.jar for potential mods
[02:31:50] [Client thread/DEBUG] [FML/]: The mod container scala-swing_2.11-1.0.1.jar appears to be missing an mcmod.info file
[02:31:50] [Client thread/DEBUG] [FML/]: Examining file scala-xml_2.11-1.0.2.jar for potential mods
[02:31:50] [Client thread/DEBUG] [FML/]: The mod container scala-xml_2.11-1.0.2.jar appears to be missing an mcmod.info file
[02:31:50] [Client thread/DEBUG] [FML/]: Examining file lzma-0.0.1.jar for potential mods
[02:31:50] [Client thread/DEBUG] [FML/]: The mod container lzma-0.0.1.jar appears to be missing an mcmod.info file
[02:31:50] [Client thread/DEBUG] [FML/]: Examining file asm-debug-all-5.0.3.jar for potential mods
[02:31:50] [Client thread/DEBUG] [FML/]: The mod container asm-debug-all-5.0.3.jar appears to be missing an mcmod.info file
[02:31:50] [Client thread/DEBUG] [FML/]: Examining file codecjorbis-20101023.jar for potential mods
[02:31:50] [Client thread/DEBUG] [FML/]: The mod container codecjorbis-20101023.jar appears to be missing an mcmod.info file
[02:31:50] [Client thread/DEBUG] [FML/]: Examining file codecwav-20101023.jar for potential mods
[02:31:50] [Client thread/DEBUG] [FML/]: The mod container codecwav-20101023.jar appears to be missing an mcmod.info file
[02:31:50] [Client thread/DEBUG] [FML/]: Examining file libraryjavasound-20101123.jar for potential mods
[02:31:50] [Client thread/DEBUG] [FML/]: The mod container libraryjavasound-20101123.jar appears to be missing an mcmod.info file
[02:31:50] [Client thread/DEBUG] [FML/]: Examining file librarylwjglopenal-20100824.jar for potential mods
[02:31:50] [Client thread/DEBUG] [FML/]: The mod container librarylwjglopenal-20100824.jar appears to be missing an mcmod.info file
[02:31:50] [Client thread/DEBUG] [FML/]: Examining file soundsystem-20120107.jar for potential mods
[02:31:50] [Client thread/DEBUG] [FML/]: The mod container soundsystem-20120107.jar appears to be missing an mcmod.info file
[02:31:50] [Client thread/DEBUG] [FML/]: Examining file netty-1.8.8.jar for potential mods
[02:31:50] [Client thread/DEBUG] [FML/]: The mod container netty-1.8.8.jar appears to be missing an mcmod.info file
[02:31:50] [Client thread/DEBUG] [FML/]: Examining file realms-1.3.5.jar for potential mods
[02:31:50] [Client thread/DEBUG] [FML/]: The mod container realms-1.3.5.jar appears to be missing an mcmod.info file
[02:31:50] [Client thread/DEBUG] [FML/]: Examining file commons-compress-1.8.1.jar for potential mods
[02:31:50] [Client thread/DEBUG] [FML/]: The mod container commons-compress-1.8.1.jar appears to be missing an mcmod.info file
[02:31:50] [Client thread/DEBUG] [FML/]: Examining file httpclient-4.3.3.jar for potential mods
[02:31:50] [Client thread/DEBUG] [FML/]: The mod container httpclient-4.3.3.jar appears to be missing an mcmod.info file
[02:31:50] [Client thread/DEBUG] [FML/]: Examining file commons-logging-1.1.3.jar for potential mods
[02:31:50] [Client thread/DEBUG] [FML/]: The mod container commons-logging-1.1.3.jar appears to be missing an mcmod.info file
[02:31:50] [Client thread/DEBUG] [FML/]: Examining file httpcore-4.3.2.jar for potential mods
[02:31:50] [Client thread/DEBUG] [FML/]: The mod container httpcore-4.3.2.jar appears to be missing an mcmod.info file
[02:31:50] [Client thread/DEBUG] [FML/]: Examining file vecmath-1.3.1.jar for potential mods
[02:31:50] [Client thread/DEBUG] [FML/]: The mod container vecmath-1.3.1.jar appears to be missing an mcmod.info file
[02:31:50] [Client thread/DEBUG] [FML/]: Examining file trove4j-3.0.3.jar for potential mods
[02:31:50] [Client thread/DEBUG] [FML/]: The mod container trove4j-3.0.3.jar appears to be missing an mcmod.info file
[02:31:50] [Client thread/DEBUG] [FML/]: Examining file icu4j-core-mojang-51.2.jar for potential mods
[02:31:50] [Client thread/DEBUG] [FML/]: The mod container icu4j-core-mojang-51.2.jar appears to be missing an mcmod.info file
[02:31:50] [Client thread/DEBUG] [FML/]: Examining file jopt-simple-4.5.jar for potential mods
[02:31:50] [Client thread/DEBUG] [FML/]: The mod container jopt-simple-4.5.jar appears to be missing an mcmod.info file
[02:31:50] [Client thread/DEBUG] [FML/]: Examining file netty-all-4.0.10.Final.jar for potential mods
[02:31:50] [Client thread/DEBUG] [FML/]: The mod container netty-all-4.0.10.Final.jar appears to be missing an mcmod.info file
[02:31:50] [Client thread/DEBUG] [FML/]: Examining file guava-17.0.jar for potential mods
[02:31:50] [Client thread/DEBUG] [FML/]: The mod container guava-17.0.jar appears to be missing an mcmod.info file
[02:31:51] [Client thread/DEBUG] [FML/]: Examining file commons-lang3-3.3.2.jar for potential mods
[02:31:51] [Client thread/DEBUG] [FML/]: The mod container commons-lang3-3.3.2.jar appears to be missing an mcmod.info file
[02:31:51] [Client thread/DEBUG] [FML/]: Examining file commons-io-2.4.jar for potential mods
[02:31:51] [Client thread/DEBUG] [FML/]: The mod container commons-io-2.4.jar appears to be missing an mcmod.info file
[02:31:51] [Client thread/DEBUG] [FML/]: Examining file commons-codec-1.9.jar for potential mods
[02:31:51] [Client thread/DEBUG] [FML/]: The mod container commons-codec-1.9.jar appears to be missing an mcmod.info file
[02:31:51] [Client thread/DEBUG] [FML/]: Examining file jinput-2.0.5.jar for potential mods
[02:31:51] [Client thread/DEBUG] [FML/]: The mod container jinput-2.0.5.jar appears to be missing an mcmod.info file
[02:31:51] [Client thread/DEBUG] [FML/]: Examining file jutils-1.0.0.jar for potential mods
[02:31:51] [Client thread/DEBUG] [FML/]: The mod container jutils-1.0.0.jar appears to be missing an mcmod.info file
[02:31:51] [Client thread/DEBUG] [FML/]: Examining file gson-2.2.4.jar for potential mods
[02:31:51] [Client thread/DEBUG] [FML/]: The mod container gson-2.2.4.jar appears to be missing an mcmod.info file
[02:31:51] [Client thread/DEBUG] [FML/]: Examining file log4j-api-2.0-beta9-fixed.jar for potential mods
[02:31:51] [Client thread/DEBUG] [FML/]: The mod container log4j-api-2.0-beta9-fixed.jar appears to be missing an mcmod.info file
[02:31:51] [Client thread/DEBUG] [FML/]: Examining file log4j-core-2.0-beta9-fixed.jar for potential mods
[02:31:51] [Client thread/DEBUG] [FML/]: The mod container log4j-core-2.0-beta9-fixed.jar appears to be missing an mcmod.info file
[02:31:51] [Client thread/DEBUG] [FML/]: Examining file jinput-platform-2.0.5-natives-windows.jar for potential mods
[02:31:51] [Client thread/DEBUG] [FML/]: The mod container jinput-platform-2.0.5-natives-windows.jar appears to be missing an mcmod.info file
[02:31:51] [Client thread/DEBUG] [FML/]: Examining file jinput-platform-2.0.5-natives-linux.jar for potential mods
[02:31:51] [Client thread/DEBUG] [FML/]: The mod container jinput-platform-2.0.5-natives-linux.jar appears to be missing an mcmod.info file
[02:31:51] [Client thread/DEBUG] [FML/]: Examining file jinput-platform-2.0.5-natives-osx.jar for potential mods
[02:31:51] [Client thread/DEBUG] [FML/]: The mod container jinput-platform-2.0.5-natives-osx.jar appears to be missing an mcmod.info file
[02:31:51] [Client thread/DEBUG] [FML/]: Examining file twitch-5.16.jar for potential mods
[02:31:51] [Client thread/DEBUG] [FML/]: The mod container twitch-5.16.jar appears to be missing an mcmod.info file
[02:31:51] [Client thread/DEBUG] [FML/]: Examining file twitch-platform-5.16-natives-windows-64.jar for potential mods
[02:31:51] [Client thread/DEBUG] [FML/]: The mod container twitch-platform-5.16-natives-windows-64.jar appears to be missing an mcmod.info file
[02:31:51] [Client thread/DEBUG] [FML/]: Examining file twitch-platform-5.16-natives-windows-32.jar for potential mods
[02:31:51] [Client thread/DEBUG] [FML/]: The mod container twitch-platform-5.16-natives-windows-32.jar appears to be missing an mcmod.info file
[02:31:51] [Client thread/DEBUG] [FML/]: Examining file twitch-platform-5.16-natives-osx.jar for potential mods
[02:31:51] [Client thread/DEBUG] [FML/]: The mod container twitch-platform-5.16-natives-osx.jar appears to be missing an mcmod.info file
[02:31:51] [Client thread/DEBUG] [FML/]: Examining file twitch-external-platform-4.5-natives-windows-64.jar for potential mods
[02:31:51] [Client thread/DEBUG] [FML/]: The mod container twitch-external-platform-4.5-natives-windows-64.jar appears to be missing an mcmod.info file
[02:31:51] [Client thread/DEBUG] [FML/]: Examining file twitch-external-platform-4.5-natives-windows-32.jar for potential mods
[02:31:51] [Client thread/DEBUG] [FML/]: The mod container twitch-external-platform-4.5-natives-windows-32.jar appears to be missing an mcmod.info file
[02:31:51] [Client thread/DEBUG] [FML/]: Examining file ItemBlacklistUnfucked-1.2.0-dev.jar for potential mods
[02:31:51] [Client thread/TRACE] [FML/]: Located mcmod.info file in file ItemBlacklistUnfucked-1.2.0-dev.jar
[02:31:51] [Client thread/DEBUG] [FML/]: Identified a mod of type Lcpw/mods/fml/common/Mod; (net.doubledoordev.itemblacklist.ItemBlacklist) - loading
[02:31:51] [Client thread/TRACE] [ItemBlacklist/]: Parsed dependency info : [] [] [*]
[02:31:51] [Client thread/DEBUG] [ItemBlacklist/]: Attempting to load the file version.properties from ItemBlacklistUnfucked-1.2.0-dev.jar to locate a version number for ItemBlacklist
[02:31:51] [Client thread/WARN] [ItemBlacklist/]: Mod ItemBlacklist is missing the required element 'version' and a version.properties file could not be found. Falling back to metadata version 1.2.0
[02:31:51] [Client thread/DEBUG] [FML/]: Examining file Mcheli Overdrive v2.1-deobf.jar for potential mods
[02:31:51] [Client thread/TRACE] [FML/]: Located mcmod.info file in file Mcheli Overdrive v2.1-deobf.jar
[02:31:51] [Client thread/DEBUG] [FML/]: Identified a mod of type Lcpw/mods/fml/common/Mod; (mcheli.MCH_MOD) - loading
[02:31:51] [Client thread/TRACE] [mcheli/]: Parsed dependency info : [Forge@[10.13.2.1230,)] [Forge@[10.13.2.1230,)] []
[02:31:51] [Client thread/DEBUG] [mcheli/]: Attempting to load the file version.properties from Mcheli Overdrive v2.1-deobf.jar to locate a version number for mcheli
[02:31:51] [Client thread/WARN] [mcheli/]: Mod mcheli is missing the required element 'version' and a version.properties file could not be found. Falling back to metadata version 2.1
[02:31:51] [Client thread/DEBUG] [FML/]: Examining file NoMoreRecipeConflictFixed-0.3-deobf.jar for potential mods
[02:31:51] [Client thread/TRACE] [FML/]: Located mcmod.info file in file NoMoreRecipeConflictFixed-0.3-deobf.jar
[02:31:51] [Client thread/DEBUG] [FML/]: Identified a mod of type Lcpw/mods/fml/common/Mod; (assets.recipehandler.RecipeMod) - loading
[02:31:51] [Client thread/TRACE] [recipehandlerRC/]: Parsed dependency info : [] [] []
[02:31:51] [Client thread/INFO] [FML/]: Forge Mod Loader has identified 6 mods to load
[02:31:51] [Client thread/TRACE] [FML/]: Received a system property request ''
[02:31:51] [Client thread/TRACE] [FML/]: System property request managing the state of 0 mods
[02:31:51] [Client thread/DEBUG] [FML/]: After merging, found state information for 0 mods
[02:31:51] [Client thread/DEBUG] [FML/]: Found translations in recompiled_minecraft-1.7.10.jar [en_US, af_ZA, ar_SA, br_FR, ca_ES, cs_CZ, da_DK, de_DE, el_GR, en_US, es_ES, fa_IR, fi_FI, fr_FR, he_IL, hu_HU, it_IT, ja_JP, ko_KR, lt_LT, nb_NO, nl_NL, nn_NO, no_NO, pl_PL, pt_BR, pt_PT, ro_RO, ru_RU, sl_SI, sr_SP, sv_SE, tr_TR, uk_UA, vi_VN, zh_CN, zh_TW, en_US]
[02:31:51] [Client thread/DEBUG] [FML/]: Found translations in recompiled_minecraft-1.7.10.jar [en_US, af_ZA, ar_SA, br_FR, ca_ES, cs_CZ, da_DK, de_DE, el_GR, en_US, es_ES, fa_IR, fi_FI, fr_FR, he_IL, hu_HU, it_IT, ja_JP, ko_KR, lt_LT, nb_NO, nl_NL, nn_NO, no_NO, pl_PL, pt_BR, pt_PT, ro_RO, ru_RU, sl_SI, sr_SP, sv_SE, tr_TR, uk_UA, vi_VN, zh_CN, zh_TW, en_US]
[02:31:51] [Client thread/DEBUG] [ItemBlacklist/]: Enabling mod ItemBlacklist
[02:31:51] [Client thread/DEBUG] [mcheli/]: Enabling mod mcheli
[02:31:51] [Client thread/DEBUG] [FML/]: Found translations in Mcheli Overdrive v2.1-deobf.jar [de_de, en_en, en_us, ja_jp, ko_kr, ru_ru, ua_ua, uk_ua, zh_cn]
[02:31:51] [Client thread/DEBUG] [recipehandlerRC/]: Enabling mod recipehandlerRC
[02:31:51] [Client thread/DEBUG] [FML/]: Found translations in NoMoreRecipeConflictFixed-0.3-deobf.jar [en_US, ru_RU]
[02:31:51] [Client thread/TRACE] [FML/]: Verifying mod requirements are satisfied
[02:31:51] [Client thread/TRACE] [FML/]: All mod requirements are satisfied
[02:31:51] [Client thread/TRACE] [FML/]: Sorting mods into an ordered list
[02:31:51] [Client thread/TRACE] [FML/]: Mod sorting completed successfully
[02:31:51] [Client thread/DEBUG] [FML/]: Mod sorting data
[02:31:51] [Client thread/DEBUG] [FML/]: 	ItemBlacklist(ItemBlacklist:1.2.0): ItemBlacklistUnfucked-1.2.0-dev.jar (before:*)
[02:31:51] [Client thread/DEBUG] [FML/]: 	mcheli(MC Helicopter Overdrive+:2.1): Mcheli Overdrive v2.1-deobf.jar (required-after:Forge@[10.13.2.1230,))
[02:31:51] [Client thread/DEBUG] [FML/]: 	recipehandlerRC(NoMoreRecipeConflict:0.3): NoMoreRecipeConflictFixed-0.3-deobf.jar ()
[02:31:51] [Client thread/TRACE] [mcp/mcp]: Sending event FMLConstructionEvent to mod mcp
[02:31:51] [Client thread/TRACE] [mcp/mcp]: Sent event FMLConstructionEvent to mod mcp
[02:31:51] [Client thread/DEBUG] [FML/]: Bar Step: Construction - Minecraft Coder Pack took 0.003s
[02:31:51] [Client thread/TRACE] [FML/FML]: Sending event FMLConstructionEvent to mod FML
[02:31:51] [Client thread/TRACE] [FML/FML]: Mod FML is using network checker : Invoking method checkModLists
[02:31:51] [Client thread/TRACE] [FML/FML]: Testing mod FML to verify it accepts its own version in a remote connection
[02:31:51] [Client thread/TRACE] [FML/FML]: The mod FML accepts its own version (7.10.99.99)
[02:31:51] [Client thread/INFO] [FML/FML]: Attempting connection with missing mods [mcp, FML, Forge, ItemBlacklist, mcheli, recipehandlerRC] at CLIENT
[02:31:51] [Client thread/INFO] [FML/FML]: Attempting connection with missing mods [mcp, FML, Forge, ItemBlacklist, mcheli, recipehandlerRC] at SERVER
[02:31:52] [Client thread/TRACE] [FML/FML]: Sent event FMLConstructionEvent to mod FML
[02:31:52] [Client thread/DEBUG] [FML/]: Bar Step: Construction - Forge Mod Loader took 0.534s
[02:31:52] [Client thread/TRACE] [Forge/Forge]: Sending event FMLConstructionEvent to mod Forge
[02:31:52] [Client thread/TRACE] [FML/Forge]: Mod Forge is using network checker : No network checking performed
[02:31:52] [Client thread/TRACE] [FML/Forge]: Testing mod Forge to verify it accepts its own version in a remote connection
[02:31:52] [Client thread/TRACE] [FML/Forge]: The mod Forge accepts its own version (10.13.4.1614)
[02:31:52] [Client thread/TRACE] [Forge/Forge]: Sent event FMLConstructionEvent to mod Forge
[02:31:52] [Client thread/DEBUG] [FML/]: Bar Step: Construction - Minecraft Forge took 0.005s
[02:31:52] [Client thread/TRACE] [ItemBlacklist/ItemBlacklist]: Sending event FMLConstructionEvent to mod ItemBlacklist
[02:31:52] [Client thread/TRACE] [FML/ItemBlacklist]: Mod ItemBlacklist is using network checker : Accepting version 1.2.0
[02:31:52] [Client thread/TRACE] [FML/ItemBlacklist]: Testing mod ItemBlacklist to verify it accepts its own version in a remote connection
[02:31:52] [Client thread/TRACE] [FML/ItemBlacklist]: The mod ItemBlacklist accepts its own version (1.2.0)
[02:31:52] [Client thread/DEBUG] [FML/ItemBlacklist]: Attempting to inject @SidedProxy classes into ItemBlacklist
[02:31:52] [Client thread/TRACE] [ItemBlacklist/ItemBlacklist]: Sent event FMLConstructionEvent to mod ItemBlacklist
[02:31:52] [Client thread/DEBUG] [FML/]: Bar Step: Construction - ItemBlacklist took 0.010s
[02:31:52] [Client thread/TRACE] [mcheli/mcheli]: Sending event FMLConstructionEvent to mod mcheli
[02:31:52] [Client thread/TRACE] [FML/mcheli]: Mod mcheli is using network checker : Accepting version 2.1
[02:31:52] [Client thread/TRACE] [FML/mcheli]: Testing mod mcheli to verify it accepts its own version in a remote connection
[02:31:52] [Client thread/TRACE] [FML/mcheli]: The mod mcheli accepts its own version (2.1)
[02:31:52] [Client thread/DEBUG] [FML/mcheli]: Attempting to inject @SidedProxy classes into mcheli
[02:31:52] [Client thread/TRACE] [mcheli/mcheli]: Sent event FMLConstructionEvent to mod mcheli
[02:31:52] [Client thread/DEBUG] [FML/]: Bar Step: Construction - MC Helicopter Overdrive+ took 0.213s
[02:31:52] [Client thread/TRACE] [recipehandlerRC/recipehandlerRC]: Sending event FMLConstructionEvent to mod recipehandlerRC
[02:31:52] [Client thread/TRACE] [FML/recipehandlerRC]: Mod recipehandlerRC is using network checker : Accepting version 0.3
[02:31:52] [Client thread/TRACE] [FML/recipehandlerRC]: Testing mod recipehandlerRC to verify it accepts its own version in a remote connection
[02:31:52] [Client thread/TRACE] [FML/recipehandlerRC]: The mod recipehandlerRC accepts its own version (0.3)
[02:31:52] [Client thread/DEBUG] [FML/recipehandlerRC]: Attempting to inject @SidedProxy classes into recipehandlerRC
[02:31:52] [Client thread/TRACE] [recipehandlerRC/recipehandlerRC]: Sent event FMLConstructionEvent to mod recipehandlerRC
[02:31:52] [Client thread/DEBUG] [FML/]: Bar Step: Construction - NoMoreRecipeConflict took 0.009s
[02:31:52] [Client thread/DEBUG] [FML/]: Bar Finished: Construction took 0.774s
[02:31:52] [Client thread/DEBUG] [FML/]: Mod signature data
[02:31:52] [Client thread/DEBUG] [FML/]:  	Valid Signatures:
[02:31:52] [Client thread/DEBUG] [FML/]:  	Missing Signatures:
[02:31:52] [Client thread/DEBUG] [FML/]: 		mcp	(Minecraft Coder Pack	9.05)	minecraft.jar
[02:31:52] [Client thread/DEBUG] [FML/]: 		FML	(Forge Mod Loader	7.10.99.99)	recompiled_minecraft-1.7.10.jar
[02:31:52] [Client thread/DEBUG] [FML/]: 		Forge	(Minecraft Forge	10.13.4.1614)	recompiled_minecraft-1.7.10.jar
[02:31:52] [Client thread/DEBUG] [FML/]: 		ItemBlacklist	(ItemBlacklist	1.2.0)	ItemBlacklistUnfucked-1.2.0-dev.jar
[02:31:52] [Client thread/DEBUG] [FML/]: 		mcheli	(MC Helicopter Overdrive+	2.1)	Mcheli Overdrive v2.1-deobf.jar
[02:31:52] [Client thread/DEBUG] [FML/]: 		recipehandlerRC	(NoMoreRecipeConflict	0.3)	NoMoreRecipeConflictFixed-0.3-deobf.jar
[02:31:52] [Client thread/DEBUG] [FML/]: Bar Step: Loading Resources - Default took 0.002s
[02:31:52] [Client thread/DEBUG] [FML/]: Bar Step: Loading Resources - FMLFileResourcePack:Forge Mod Loader took 0.004s
[02:31:52] [Client thread/DEBUG] [FML/]: Bar Step: Loading Resources - FMLFileResourcePack:Minecraft Forge took 0.004s
[02:31:52] [Client thread/DEBUG] [FML/]: Bar Step: Loading Resources - FMLFileResourcePack:ItemBlacklist took 0.000s
[02:31:52] [Client thread/DEBUG] [FML/]: Bar Step: Loading Resources - FMLFileResourcePack:MC Helicopter Overdrive+ took 0.007s
[02:31:52] [Client thread/DEBUG] [FML/]: Bar Step: Loading Resources - FMLFileResourcePack:NoMoreRecipeConflict took 0.000s
[02:31:52] [Client thread/DEBUG] [FML/]: Bar Finished: Reloading - LanguageManager took 0.014s
[02:31:52] [Client thread/DEBUG] [FML/]: Bar Step: Loading Resources - Reloading listeners took 0.014s
[02:31:52] [Client thread/DEBUG] [FML/]: Bar Finished: Loading Resources took 0.033s
[02:31:52] [Client thread/DEBUG] [Forge Mod Loader/]: Mod Forge Mod Loader is missing a pack.mcmeta file, substituting a dummy one
[02:31:52] [Client thread/DEBUG] [Minecraft Forge/]: Mod Minecraft Forge is missing a pack.mcmeta file, substituting a dummy one
[02:31:52] [Client thread/DEBUG] [ItemBlacklist/]: Mod ItemBlacklist is missing a pack.mcmeta file, substituting a dummy one
[02:31:52] [Client thread/DEBUG] [MC Helicopter Overdrive+/]: Mod MC Helicopter Overdrive+ is missing a pack.mcmeta file, substituting a dummy one
[02:31:52] [Client thread/INFO] [FML/]: Processing ObjectHolder annotations
[02:31:52] [Client thread/INFO] [FML/]: Found 341 ObjectHolder annotations
[02:31:52] [Client thread/INFO] [FML/]: Identifying ItemStackHolder annotations
[02:31:52] [Client thread/INFO] [FML/]: Found 0 ItemStackHolder annotations
[02:31:52] [Client thread/TRACE] [mcp/mcp]: Sending event FMLPreInitializationEvent to mod mcp
[02:31:52] [Client thread/TRACE] [mcp/mcp]: Sent event FMLPreInitializationEvent to mod mcp
[02:31:52] [Client thread/DEBUG] [FML/]: Bar Step: PreInitialization - Minecraft Coder Pack took 0.002s
[02:31:52] [Client thread/TRACE] [FML/FML]: Sending event FMLPreInitializationEvent to mod FML
[02:31:52] [Client thread/TRACE] [FML/FML]: Sent event FMLPreInitializationEvent to mod FML
[02:31:52] [Client thread/DEBUG] [FML/]: Bar Step: PreInitialization - Forge Mod Loader took 0.001s
[02:31:52] [Client thread/TRACE] [Forge/Forge]: Sending event FMLPreInitializationEvent to mod Forge
[02:31:52] [Client thread/INFO] [FML/Forge]: Configured a dormant chunk cache size of 0
[02:31:52] [Client thread/TRACE] [Forge/Forge]: Sent event FMLPreInitializationEvent to mod Forge
[02:31:52] [Client thread/DEBUG] [FML/]: Bar Step: PreInitialization - Minecraft Forge took 0.028s
[02:31:52] [Client thread/TRACE] [ItemBlacklist/ItemBlacklist]: Sending event FMLPreInitializationEvent to mod ItemBlacklist
[02:31:52] [Client thread/TRACE] [ItemBlacklist/ItemBlacklist]: Sent event FMLPreInitializationEvent to mod ItemBlacklist
[02:31:52] [Client thread/DEBUG] [FML/]: Bar Step: PreInitialization - ItemBlacklist took 0.166s
[02:31:52] [Client thread/TRACE] [mcheli/mcheli]: Sending event FMLPreInitializationEvent to mod mcheli
[02:31:52] [Client thread/INFO] [STDERR/mcheli]: [java.lang.Throwable$WrappedPrintStream:println:749]: java.io.FileNotFoundException: C:\Users\Owner\Documents\Downloads\bullshit\ItemBlacklistUnfucked\run\config\mcheli.cfg (The system cannot find the file specified)
[02:31:52] [Client thread/INFO] [STDERR/mcheli]: [java.lang.Throwable$WrappedPrintStream:println:749]: 	at java.io.FileInputStream.open0(Native Method)
[02:31:52] [Client thread/INFO] [STDERR/mcheli]: [java.lang.Throwable$WrappedPrintStream:println:749]: 	at java.io.FileInputStream.open(FileInputStream.java:195)
[02:31:52] [Client thread/INFO] [STDERR/mcheli]: [java.lang.Throwable$WrappedPrintStream:println:749]: 	at java.io.FileInputStream.<init>(FileInputStream.java:138)
[02:31:52] [Client thread/INFO] [STDERR/mcheli]: [java.lang.Throwable$WrappedPrintStream:println:749]: 	at java.io.FileReader.<init>(FileReader.java:72)
[02:31:52] [Client thread/INFO] [STDERR/mcheli]: [java.lang.Throwable$WrappedPrintStream:println:749]: 	at mcheli.MCH_InputFile.open(MCH_InputFile.java:23)
[02:31:52] [Client thread/INFO] [STDERR/mcheli]: [java.lang.Throwable$WrappedPrintStream:println:749]: 	at mcheli.MCH_Config.load(MCH_Config.java:1279)
[02:31:52] [Client thread/INFO] [STDERR/mcheli]: [java.lang.Throwable$WrappedPrintStream:println:749]: 	at mcheli.MCH_ClientProxy.loadConfig(MCH_ClientProxy.java:742)
[02:31:52] [Client thread/INFO] [STDERR/mcheli]: [java.lang.Throwable$WrappedPrintStream:println:749]: 	at mcheli.MCH_MOD.PreInit(MCH_MOD.java:170)
[02:31:52] [Client thread/INFO] [STDERR/mcheli]: [java.lang.Throwable$WrappedPrintStream:println:749]: 	at sun.reflect.NativeMethodAccessorImpl.invoke0(Native Method)
[02:31:52] [Client thread/INFO] [STDERR/mcheli]: [java.lang.Throwable$WrappedPrintStream:println:749]: 	at sun.reflect.NativeMethodAccessorImpl.invoke(NativeMethodAccessorImpl.java:62)
[02:31:52] [Client thread/INFO] [STDERR/mcheli]: [java.lang.Throwable$WrappedPrintStream:println:749]: 	at sun.reflect.DelegatingMethodAccessorImpl.invoke(DelegatingMethodAccessorImpl.java:43)
[02:31:52] [Client thread/INFO] [STDERR/mcheli]: [java.lang.Throwable$WrappedPrintStream:println:749]: 	at java.lang.reflect.Method.invoke(Method.java:498)
[02:31:52] [Client thread/INFO] [STDERR/mcheli]: [java.lang.Throwable$WrappedPrintStream:println:749]: 	at cpw.mods.fml.common.FMLModContainer.handleModStateEvent(FMLModContainer.java:532)
[02:31:52] [Client thread/INFO] [STDERR/mcheli]: [java.lang.Throwable$WrappedPrintStream:println:749]: 	at sun.reflect.NativeMethodAccessorImpl.invoke0(Native Method)
[02:31:52] [Client thread/INFO] [STDERR/mcheli]: [java.lang.Throwable$WrappedPrintStream:println:749]: 	at sun.reflect.NativeMethodAccessorImpl.invoke(NativeMethodAccessorImpl.java:62)
[02:31:52] [Client thread/INFO] [STDERR/mcheli]: [java.lang.Throwable$WrappedPrintStream:println:749]: 	at sun.reflect.DelegatingMethodAccessorImpl.invoke(DelegatingMethodAccessorImpl.java:43)
[02:31:52] [Client thread/INFO] [STDERR/mcheli]: [java.lang.Throwable$WrappedPrintStream:println:749]: 	at java.lang.reflect.Method.invoke(Method.java:498)
[02:31:52] [Client thread/INFO] [STDERR/mcheli]: [java.lang.Throwable$WrappedPrintStream:println:749]: 	at com.google.common.eventbus.EventSubscriber.handleEvent(EventSubscriber.java:74)
[02:31:52] [Client thread/INFO] [STDERR/mcheli]: [java.lang.Throwable$WrappedPrintStream:println:749]: 	at com.google.common.eventbus.SynchronizedEventSubscriber.handleEvent(SynchronizedEventSubscriber.java:47)
[02:31:52] [Client thread/INFO] [STDERR/mcheli]: [java.lang.Throwable$WrappedPrintStream:println:749]: 	at com.google.common.eventbus.EventBus.dispatch(EventBus.java:322)
[02:31:52] [Client thread/INFO] [STDERR/mcheli]: [java.lang.Throwable$WrappedPrintStream:println:749]: 	at com.google.common.eventbus.EventBus.dispatchQueuedEvents(EventBus.java:304)
[02:31:52] [Client thread/INFO] [STDERR/mcheli]: [java.lang.Throwable$WrappedPrintStream:println:749]: 	at com.google.common.eventbus.EventBus.post(EventBus.java:275)
[02:31:52] [Client thread/INFO] [STDERR/mcheli]: [java.lang.Throwable$WrappedPrintStream:println:749]: 	at cpw.mods.fml.common.LoadController.sendEventToModContainer(LoadController.java:212)
[02:31:52] [Client thread/INFO] [STDERR/mcheli]: [java.lang.Throwable$WrappedPrintStream:println:749]: 	at cpw.mods.fml.common.LoadController.propogateStateMessage(LoadController.java:190)
[02:31:52] [Client thread/INFO] [STDERR/mcheli]: [java.lang.Throwable$WrappedPrintStream:println:749]: 	at sun.reflect.NativeMethodAccessorImpl.invoke0(Native Method)
[02:31:52] [Client thread/INFO] [STDERR/mcheli]: [java.lang.Throwable$WrappedPrintStream:println:749]: 	at sun.reflect.NativeMethodAccessorImpl.invoke(NativeMethodAccessorImpl.java:62)
[02:31:52] [Client thread/INFO] [STDERR/mcheli]: [java.lang.Throwable$WrappedPrintStream:println:749]: 	at sun.reflect.DelegatingMethodAccessorImpl.invoke(DelegatingMethodAccessorImpl.java:43)
[02:31:52] [Client thread/INFO] [STDERR/mcheli]: [java.lang.Throwable$WrappedPrintStream:println:749]: 	at java.lang.reflect.Method.invoke(Method.java:498)
[02:31:52] [Client thread/INFO] [STDERR/mcheli]: [java.lang.Throwable$WrappedPrintStream:println:749]: 	at com.google.common.eventbus.EventSubscriber.handleEvent(EventSubscriber.java:74)
[02:31:52] [Client thread/INFO] [STDERR/mcheli]: [java.lang.Throwable$WrappedPrintStream:println:749]: 	at com.google.common.eventbus.SynchronizedEventSubscriber.handleEvent(SynchronizedEventSubscriber.java:47)
[02:31:52] [Client thread/INFO] [STDERR/mcheli]: [java.lang.Throwable$WrappedPrintStream:println:749]: 	at com.google.common.eventbus.EventBus.dispatch(EventBus.java:322)
[02:31:52] [Client thread/INFO] [STDERR/mcheli]: [java.lang.Throwable$WrappedPrintStream:println:749]: 	at com.google.common.eventbus.EventBus.dispatchQueuedEvents(EventBus.java:304)
[02:31:52] [Client thread/INFO] [STDERR/mcheli]: [java.lang.Throwable$WrappedPrintStream:println:749]: 	at com.google.common.eventbus.EventBus.post(EventBus.java:275)
[02:31:52] [Client thread/INFO] [STDERR/mcheli]: [java.lang.Throwable$WrappedPrintStream:println:749]: 	at cpw.mods.fml.common.LoadController.distributeStateMessage(LoadController.java:119)
[02:31:52] [Client thread/INFO] [STDERR/mcheli]: [java.lang.Throwable$WrappedPrintStream:println:749]: 	at cpw.mods.fml.common.Loader.preinitializeMods(Loader.java:556)
[02:31:52] [Client thread/INFO] [STDERR/mcheli]: [java.lang.Throwable$WrappedPrintStream:println:749]: 	at cpw.mods.fml.client.FMLClientHandler.beginMinecraftLoading(FMLClientHandler.java:243)
[02:31:52] [Client thread/INFO] [STDERR/mcheli]: [java.lang.Throwable$WrappedPrintStream:println:749]: 	at net.minecraft.client.Minecraft.startGame(Minecraft.java:522)
[02:31:52] [Client thread/INFO] [STDERR/mcheli]: [java.lang.Throwable$WrappedPrintStream:println:749]: 	at net.minecraft.client.Minecraft.run(Minecraft.java:942)
[02:31:52] [Client thread/INFO] [STDERR/mcheli]: [java.lang.Throwable$WrappedPrintStream:println:749]: 	at net.minecraft.client.main.Main.main(Main.java:164)
[02:31:52] [Client thread/INFO] [STDERR/mcheli]: [java.lang.Throwable$WrappedPrintStream:println:749]: 	at sun.reflect.NativeMethodAccessorImpl.invoke0(Native Method)
[02:31:52] [Client thread/INFO] [STDERR/mcheli]: [java.lang.Throwable$WrappedPrintStream:println:749]: 	at sun.reflect.NativeMethodAccessorImpl.invoke(NativeMethodAccessorImpl.java:62)
[02:31:52] [Client thread/INFO] [STDERR/mcheli]: [java.lang.Throwable$WrappedPrintStream:println:749]: 	at sun.reflect.DelegatingMethodAccessorImpl.invoke(DelegatingMethodAccessorImpl.java:43)
[02:31:52] [Client thread/INFO] [STDERR/mcheli]: [java.lang.Throwable$WrappedPrintStream:println:749]: 	at java.lang.reflect.Method.invoke(Method.java:498)
[02:31:52] [Client thread/INFO] [STDERR/mcheli]: [java.lang.Throwable$WrappedPrintStream:println:749]: 	at net.minecraft.launchwrapper.Launch.launch(Launch.java:135)
[02:31:52] [Client thread/INFO] [STDERR/mcheli]: [java.lang.Throwable$WrappedPrintStream:println:749]: 	at net.minecraft.launchwrapper.Launch.main(Launch.java:28)
[02:31:52] [Client thread/INFO] [STDERR/mcheli]: [java.lang.Throwable$WrappedPrintStream:println:749]: 	at net.minecraftforge.gradle.GradleStartCommon.launch(GradleStartCommon.java:97)
[02:31:52] [Client thread/INFO] [STDERR/mcheli]: [java.lang.Throwable$WrappedPrintStream:println:749]: 	at GradleStart.main(GradleStart.java:40)
[02:31:52] [Client thread/INFO] [mcheli/mcheli]: [Client] C:\Users\Owner\Documents\Downloads\bullshit\ItemBlacklistUnfucked\run\config\mcheli.cfg not found.
[02:31:52] [Client thread/INFO] [mcheli/mcheli]: [Client] update C:\Users\Owner\Documents\Downloads\bullshit\ItemBlacklistUnfucked\run\config\mcheli.cfg
[02:31:52] [Client thread/INFO] [mcheli/mcheli]: [Client] MC Ver:1.7.10 MOD Ver:2.1
[02:31:52] [Client thread/INFO] [mcheli/mcheli]: [Client] Start load...
[02:31:52] [Forge Version Check/INFO] [STDERR/Forge]: [java.lang.Throwable$WrappedPrintStream:println:749]: com.google.gson.JsonSyntaxException: java.lang.IllegalStateException: Expected BEGIN_OBJECT but was STRING at line 1 column 1
[02:31:52] [Forge Version Check/INFO] [STDERR/Forge]: [java.lang.Throwable$WrappedPrintStream:println:749]: 	at com.google.gson.Gson.fromJson(Gson.java:815)
[02:31:52] [Forge Version Check/INFO] [STDERR/Forge]: [java.lang.Throwable$WrappedPrintStream:println:749]: 	at com.google.gson.Gson.fromJson(Gson.java:768)
[02:31:52] [Forge Version Check/INFO] [STDERR/Forge]: [java.lang.Throwable$WrappedPrintStream:println:749]: 	at com.google.gson.Gson.fromJson(Gson.java:717)
[02:31:52] [Forge Version Check/INFO] [STDERR/Forge]: [java.lang.Throwable$WrappedPrintStream:println:749]: 	at com.google.gson.Gson.fromJson(Gson.java:689)
[02:31:52] [Forge Version Check/INFO] [STDERR/Forge]: [java.lang.Throwable$WrappedPrintStream:println:749]: 	at net.minecraftforge.common.ForgeVersion$1.run(ForgeVersion.java:94)
[02:31:52] [Forge Version Check/INFO] [STDERR/Forge]: [java.lang.Throwable$WrappedPrintStream:println:749]: Caused by: java.lang.IllegalStateException: Expected BEGIN_OBJECT but was STRING at line 1 column 1
[02:31:52] [Forge Version Check/INFO] [STDERR/Forge]: [java.lang.Throwable$WrappedPrintStream:println:749]: 	at com.google.gson.stream.JsonReader.beginObject(JsonReader.java:374)
[02:31:52] [Forge Version Check/INFO] [STDERR/Forge]: [java.lang.Throwable$WrappedPrintStream:println:749]: 	at com.google.gson.internal.bind.MapTypeAdapterFactory$Adapter.read(MapTypeAdapterFactory.java:183)
[02:31:52] [Forge Version Check/INFO] [STDERR/Forge]: [java.lang.Throwable$WrappedPrintStream:println:749]: 	at com.google.gson.internal.bind.MapTypeAdapterFactory$Adapter.read(MapTypeAdapterFactory.java:145)
[02:31:52] [Forge Version Check/INFO] [STDERR/Forge]: [java.lang.Throwable$WrappedPrintStream:println:749]: 	at com.google.gson.Gson.fromJson(Gson.java:803)
[02:31:52] [Forge Version Check/INFO] [STDERR/Forge]: [java.lang.Throwable$WrappedPrintStream:println:749]: 	... 4 more
[02:31:52] [Client thread/INFO] [mcheli/mcheli]: [Client] MCH_ResourceHelper: Addon directory: C:\Users\Owner\Documents\Downloads\bullshit\ItemBlacklistUnfucked\run\mcheli_addons (0 asset roots)
[02:31:53] [Client thread/INFO] [mcheli/mcheli]: [Client] Registered live MCHeli resource pack
[02:31:53] [Client thread/DEBUG] [FML/mcheli]: Bar Finished: Loading Resource - MCH_ParticleTexture took 0.000s
[02:31:53] [Client thread/DEBUG] [FML/mcheli]: Bar Finished: Loading Resource - MCH_ModelTextureRepairManager took 0.000s
[02:31:53] [Client thread/INFO] [mcheli/mcheli]: [Client] [MCHeli][NewPlaneOverlay] created renderer helper driven by MCH_ClientEventHook
[02:31:53] [Client thread/INFO] [mcheli/mcheli]: [Client] Read 89 HUD
[02:31:53] [Client thread/INFO] [mcheli/mcheli]: [Client] [mcheli] Read 2084 weapons
[02:31:53] [Client thread/INFO] [mcheli/mcheli]: [Client] Read 59 helicopters
[02:31:54] [Client thread/INFO] [mcheli/mcheli]: [Client] Read 128 planes
[02:31:54] [Client thread/INFO] [mcheli/mcheli]: [Client] Read 18 ships
[02:31:54] [Client thread/INFO] [mcheli/mcheli]: [Client] Read 247 tanks
[02:31:54] [Client thread/INFO] [mcheli/mcheli]: [Client] Read 51 vehicles
[02:31:54] [Client thread/INFO] [mcheli/mcheli]: [Client] Read 76 item
[02:31:54] [Client thread/INFO] [mcheli/mcheli]: [Client] Read 7 throwable
[02:31:54] [Client thread/INFO] [mcheli/mcheli]: [Client] sounds.json found on classpath/addon
[02:31:54] [Client thread/INFO] [mcheli/mcheli]: [Client] Register item
[02:31:54] [Client thread/INFO] [mcheli/mcheli]: [Client] Register system
[02:31:54] [Client thread/INFO] [mcheli/mcheli]: [Client] Register entity
[02:31:54] [Client thread/TRACE] [FML/mcheli]: Automatically registered mod mcheli entity MCH.E.Seat as mcheli.MCH.E.Seat
[02:31:54] [Client thread/TRACE] [FML/mcheli]: Automatically registered mod mcheli entity MCH.E.Heli as mcheli.MCH.E.Heli
[02:31:54] [Client thread/TRACE] [FML/mcheli]: Automatically registered mod mcheli entity MCH.E.GLTD as mcheli.MCH.E.GLTD
[02:31:54] [Client thread/TRACE] [FML/mcheli]: Automatically registered mod mcheli entity MCH.E.Plane as mcheli.MCH.E.Plane
[02:31:54] [Client thread/TRACE] [FML/mcheli]: Automatically registered mod mcheli entity MCH.E.Ship as mcheli.MCH.E.Ship
[02:31:54] [Client thread/TRACE] [FML/mcheli]: Automatically registered mod mcheli entity MCH.E.Chain as mcheli.MCH.E.Chain
[02:31:54] [Client thread/TRACE] [FML/mcheli]: Automatically registered mod mcheli entity MCH.E.PSeat as mcheli.MCH.E.PSeat
[02:31:54] [Client thread/TRACE] [FML/mcheli]: Automatically registered mod mcheli entity MCH.E.Parachute as mcheli.MCH.E.Parachute
[02:31:54] [Client thread/TRACE] [FML/mcheli]: Automatically registered mod mcheli entity MCH.E.Container as mcheli.MCH.E.Container
[02:31:54] [Client thread/TRACE] [FML/mcheli]: Automatically registered mod mcheli entity MCH.E.Vehicle as mcheli.MCH.E.Vehicle
[02:31:54] [Client thread/TRACE] [FML/mcheli]: Automatically registered mod mcheli entity MCH.E.UavStation as mcheli.MCH.E.UavStation
[02:31:54] [Client thread/TRACE] [FML/mcheli]: Automatically registered mod mcheli entity MCH.E.HitBox as mcheli.MCH.E.HitBox
[02:31:54] [Client thread/TRACE] [FML/mcheli]: Automatically registered mod mcheli entity MCH.E.Hide as mcheli.MCH.E.Hide
[02:31:54] [Client thread/TRACE] [FML/mcheli]: Automatically registered mod mcheli entity MCH.E.Tank as mcheli.MCH.E.Tank
[02:31:54] [Client thread/TRACE] [FML/mcheli]: Automatically registered mod mcheli entity MCH.E.Rocket as mcheli.MCH.E.Rocket
[02:31:54] [Client thread/TRACE] [FML/mcheli]: Automatically registered mod mcheli entity MCH.E.TvMissle as mcheli.MCH.E.TvMissle
[02:31:54] [Client thread/TRACE] [FML/mcheli]: Automatically registered mod mcheli entity MCH.E.Bullet as mcheli.MCH.E.Bullet
[02:31:54] [Client thread/TRACE] [FML/mcheli]: Automatically registered mod mcheli entity MCH.E.A10 as mcheli.MCH.E.A10
[02:31:54] [Client thread/TRACE] [FML/mcheli]: Automatically registered mod mcheli entity MCH.E.AAM as mcheli.MCH.E.AAM
[02:31:54] [Client thread/TRACE] [FML/mcheli]: Automatically registered mod mcheli entity MCH.E.ASM as mcheli.MCH.E.ASM
[02:31:54] [Client thread/TRACE] [FML/mcheli]: Automatically registered mod mcheli entity MCH.E.Torpedo as mcheli.MCH.E.Torpedo
[02:31:54] [Client thread/TRACE] [FML/mcheli]: Automatically registered mod mcheli entity MCH.E.ATMissle as mcheli.MCH.E.ATMissle
[02:31:54] [Client thread/TRACE] [FML/mcheli]: Automatically registered mod mcheli entity MCH.E.Bomb as mcheli.MCH.E.Bomb
[02:31:54] [Client thread/TRACE] [FML/mcheli]: Automatically registered mod mcheli entity MCH.E.MkRocket as mcheli.MCH.E.MkRocket
[02:31:54] [Client thread/TRACE] [FML/mcheli]: Automatically registered mod mcheli entity MCH.E.DispItem as mcheli.MCH.E.DispItem
[02:31:54] [Client thread/TRACE] [FML/mcheli]: Automatically registered mod mcheli entity MCH.E.Flare as mcheli.MCH.E.Flare
[02:31:54] [Client thread/TRACE] [FML/mcheli]: Automatically registered mod mcheli entity MCH.E.Throwable as mcheli.MCH.E.Throwable
[02:31:54] [Client thread/TRACE] [FML/mcheli]: Automatically registered mod mcheli entity MCH.E.Gunner as mcheli.MCH.E.Gunner
[02:31:54] [Client thread/TRACE] [FML/mcheli]: Automatically registered mod mcheli entity MCH.E.LockBox as mcheli.MCH.E.LockBox
[02:31:54] [Client thread/TRACE] [FML/mcheli]: Automatically registered mod mcheli entity MCH.E.Chaff as mcheli.MCH.E.Chaff
[02:31:54] [Client thread/INFO] [mcheli/mcheli]: [Client] Register renderer
[02:31:54] [Client thread/INFO] [mcheli/mcheli]: [Client] Register models
[02:31:55] [Client thread/INFO] [STDOUT/mcheli]: [mcheli.MCH_ClientProxy:registerModels:320]: Starting multithreaded model loading
[02:31:55] [Client thread/INFO] [STDOUT/mcheli]: [mcheli.multithread.MultiThreadModelManager:start:29]: === Starting Parallel Model Registration ===
[02:32:50] [Client thread/INFO] [STDOUT/mcheli]: [mcheli.MCH_ClientProxy:registerModels_Throwable:380]: Loading throwable
[02:32:50] [Client thread/INFO] [STDOUT/mcheli]: [mcheli.MCH_ClientProxy:registerModels_Throwable:387]: Adding model for flashbang
[02:32:50] [Client thread/INFO] [STDOUT/mcheli]: [mcheli.MCH_ClientProxy:registerModels_Throwable:387]: Adding model for granade
[02:32:50] [Client thread/INFO] [STDOUT/mcheli]: [mcheli.MCH_ClientProxy:registerModels_Throwable:387]: Adding model for m18_green
[02:32:50] [Client thread/INFO] [STDOUT/mcheli]: [mcheli.MCH_ClientProxy:registerModels_Throwable:387]: Adding model for m18_red
[02:32:50] [Client thread/INFO] [STDOUT/mcheli]: [mcheli.MCH_ClientProxy:registerModels_Throwable:387]: Adding model for m18_violet
[02:32:50] [Client thread/INFO] [STDOUT/mcheli]: [mcheli.MCH_ClientProxy:registerModels_Throwable:387]: Adding model for m18_white
[02:32:50] [Client thread/INFO] [STDOUT/mcheli]: [mcheli.MCH_ClientProxy:registerModels_Throwable:387]: Adding model for m18_yellow
[02:32:50] [Client thread/INFO] [STDOUT/mcheli]: [mcheli.multithread.MultiThreadModelManager:start:100]: === All model rendering tasks completed successfully ===
[02:32:50] [Client thread/INFO] [mcheli/mcheli]: [Client] Register Sounds
[02:32:50] [Client thread/INFO] [mcheli/mcheli]: [Client] End load
[02:32:50] [Client thread/TRACE] [mcheli/mcheli]: Sent event FMLPreInitializationEvent to mod mcheli
[02:32:50] [Client thread/DEBUG] [FML/]: Bar Step: PreInitialization - MC Helicopter Overdrive+ took 57.969s
[02:32:50] [Client thread/TRACE] [recipehandlerRC/recipehandlerRC]: Sending event FMLPreInitializationEvent to mod recipehandlerRC
[02:32:50] [Client thread/TRACE] [recipehandlerRC/recipehandlerRC]: Sent event FMLPreInitializationEvent to mod recipehandlerRC
[02:32:50] [Client thread/DEBUG] [FML/]: Bar Step: PreInitialization - NoMoreRecipeConflict took 0.046s
[02:32:50] [Client thread/DEBUG] [FML/]: Bar Finished: PreInitialization took 58.212s
[02:32:50] [Client thread/INFO] [FML/]: Applying holder lookups
[02:32:50] [Client thread/INFO] [FML/]: Holder lookups applied
[02:32:50] [Client thread/INFO] [FML/]: Injecting itemstacks
[02:32:50] [Client thread/INFO] [FML/]: Itemstack injection complete
[02:32:50] [Client thread/DEBUG] [FML/]: Bar Finished: Loading Resource - TextureManager took 0.000s
[02:32:50] [Sound Library Loader/INFO] [STDOUT/]: [paulscode.sound.SoundSystemLogger:message:69]: 
[02:32:50] [Sound Library Loader/INFO] [STDOUT/]: [paulscode.sound.SoundSystemLogger:message:69]: Starting up SoundSystem...
[02:32:50] [Thread-7/INFO] [STDOUT/]: [paulscode.sound.SoundSystemLogger:message:69]: Initializing LWJGL OpenAL
[02:32:50] [Thread-7/INFO] [STDOUT/]: [paulscode.sound.SoundSystemLogger:message:69]:     (The LWJGL binding of OpenAL.  For more information, see http://www.lwjgl.org)
[02:32:50] [Thread-7/INFO] [STDOUT/]: [paulscode.sound.SoundSystemLogger:message:69]: OpenAL initialized.
[02:32:51] [Sound Library Loader/INFO] [STDOUT/]: [paulscode.sound.SoundSystemLogger:message:69]: 
[02:32:54] [Client thread/DEBUG] [FML/]: Bar Finished: Loading Resource - SoundHandler took 3.677s
[02:32:54] [Client thread/DEBUG] [FML/]: Bar Finished: Loading Resource - FontRenderer took 0.002s
[02:32:54] [Client thread/DEBUG] [FML/]: Bar Finished: Loading Resource - FontRenderer took 0.001s
[02:32:54] [Client thread/DEBUG] [FML/]: Bar Finished: Loading Resource - GrassColorReloadListener took 0.004s
[02:32:54] [Client thread/DEBUG] [FML/]: Bar Finished: Loading Resource - FoliageColorReloadListener took 0.005s
[02:32:54] [Client thread/DEBUG] [FML/]: Bar Step: Rendering Setup - Loading Render Manager took 0.005s
[02:32:54] [Client thread/DEBUG] [FML/]: Bar Finished: Loading Resource - EntityRenderer took 0.000s
[02:32:54] [Client thread/DEBUG] [FML/]: Bar Step: Rendering Setup - Loading Entity Renderer took 0.008s
[02:32:54] [Client thread/DEBUG] [FML/]: Bar Step: Rendering Setup - Loading GL properties took 0.003s
[02:32:54] [Client thread/DEBUG] [FML/]: Bar Step: Rendering Setup - Render Global instance took 0.035s
[02:32:54] [Client thread/DEBUG] [FML/]: Bar Step: Rendering Setup - Building Blocks Texture took 0.011s
[02:32:54] [Client thread/DEBUG] [FML/]: Bar Step: Rendering Setup - Anisotropy and Mipmaps took 0.001s
[02:32:54] [Client thread/DEBUG] [FML/]: Bar Finished: Texture stitching - missingno took 0.001s
[02:32:54] [Client thread/DEBUG] [FML/]: Bar Finished: Texture creation took 0.002s
[02:32:54] [Client thread/DEBUG] [FML/]: Bar Step: Rendering Setup - Loading Blocks Texture took 0.009s
[02:32:54] [Client thread/DEBUG] [FML/]: Bar Finished: Texture stitching - missingno took 0.000s
[02:32:54] [Client thread/DEBUG] [FML/]: Bar Finished: Texture creation took 0.001s
[02:32:54] [Client thread/DEBUG] [FML/]: Bar Step: Rendering Setup - Loading Items Texture took 0.006s
[02:32:54] [Client thread/DEBUG] [FML/]: Bar Step: Rendering Setup - Viewport took 0.001s
[02:32:54] [Client thread/DEBUG] [FML/]: Bar Finished: Rendering Setup took 0.078s
[02:32:54] [Client thread/TRACE] [mcp/mcp]: Sending event FMLInitializationEvent to mod mcp
[02:32:54] [Client thread/TRACE] [mcp/mcp]: Sent event FMLInitializationEvent to mod mcp
[02:32:54] [Client thread/DEBUG] [FML/]: Bar Step: Initialization - Minecraft Coder Pack took 0.000s
[02:32:54] [Client thread/TRACE] [FML/FML]: Sending event FMLInitializationEvent to mod FML
[02:32:54] [Client thread/TRACE] [FML/FML]: Sent event FMLInitializationEvent to mod FML
[02:32:54] [Client thread/DEBUG] [FML/]: Bar Step: Initialization - Forge Mod Loader took 0.000s
[02:32:54] [Client thread/TRACE] [Forge/Forge]: Sending event FMLInitializationEvent to mod Forge
[02:32:54] [Client thread/TRACE] [Forge/Forge]: Sent event FMLInitializationEvent to mod Forge
[02:32:54] [Client thread/DEBUG] [FML/]: Bar Step: Initialization - Minecraft Forge took 0.001s
[02:32:54] [Client thread/TRACE] [ItemBlacklist/ItemBlacklist]: Sending event FMLInitializationEvent to mod ItemBlacklist
[02:32:54] [Client thread/TRACE] [ItemBlacklist/ItemBlacklist]: Sent event FMLInitializationEvent to mod ItemBlacklist
[02:32:54] [Client thread/DEBUG] [FML/]: Bar Step: Initialization - ItemBlacklist took 0.000s
[02:32:54] [Client thread/TRACE] [mcheli/mcheli]: Sending event FMLInitializationEvent to mod mcheli
[02:32:54] [Client thread/TRACE] [mcheli/mcheli]: Sent event FMLInitializationEvent to mod mcheli
[02:32:54] [Client thread/DEBUG] [FML/]: Bar Step: Initialization - MC Helicopter Overdrive+ took 0.025s
[02:32:54] [Client thread/TRACE] [recipehandlerRC/recipehandlerRC]: Sending event FMLInitializationEvent to mod recipehandlerRC
[02:32:54] [Client thread/TRACE] [recipehandlerRC/recipehandlerRC]: Sent event FMLInitializationEvent to mod recipehandlerRC
[02:32:54] [Client thread/DEBUG] [FML/]: Bar Step: Initialization - NoMoreRecipeConflict took 0.000s
[02:32:54] [Client thread/DEBUG] [FML/]: Bar Finished: Initialization took 0.028s
[02:32:54] [Client thread/TRACE] [FML/]: Attempting to deliver 0 IMC messages to mod mcp
[02:32:54] [Client thread/TRACE] [mcp/mcp]: Sending event IMCEvent to mod mcp
[02:32:54] [Client thread/TRACE] [mcp/mcp]: Sent event IMCEvent to mod mcp
[02:32:54] [Client thread/DEBUG] [FML/]: Bar Step: InterModComms$IMC - Minecraft Coder Pack took 0.002s
[02:32:54] [Client thread/TRACE] [FML/]: Attempting to deliver 0 IMC messages to mod FML
[02:32:54] [Client thread/TRACE] [FML/FML]: Sending event IMCEvent to mod FML
[02:32:54] [Client thread/TRACE] [FML/FML]: Sent event IMCEvent to mod FML
[02:32:54] [Client thread/DEBUG] [FML/]: Bar Step: InterModComms$IMC - Forge Mod Loader took 0.000s
[02:32:54] [Client thread/TRACE] [FML/]: Attempting to deliver 0 IMC messages to mod Forge
[02:32:54] [Client thread/TRACE] [Forge/Forge]: Sending event IMCEvent to mod Forge
[02:32:54] [Client thread/TRACE] [Forge/Forge]: Sent event IMCEvent to mod Forge
[02:32:54] [Client thread/DEBUG] [FML/]: Bar Step: InterModComms$IMC - Minecraft Forge took 0.000s
[02:32:54] [Client thread/TRACE] [FML/]: Attempting to deliver 0 IMC messages to mod ItemBlacklist
[02:32:54] [Client thread/TRACE] [ItemBlacklist/ItemBlacklist]: Sending event IMCEvent to mod ItemBlacklist
[02:32:54] [Client thread/TRACE] [ItemBlacklist/ItemBlacklist]: Sent event IMCEvent to mod ItemBlacklist
[02:32:54] [Client thread/DEBUG] [FML/]: Bar Step: InterModComms$IMC - ItemBlacklist took 0.000s
[02:32:54] [Client thread/TRACE] [FML/]: Attempting to deliver 0 IMC messages to mod mcheli
[02:32:54] [Client thread/TRACE] [mcheli/mcheli]: Sending event IMCEvent to mod mcheli
[02:32:54] [Client thread/TRACE] [mcheli/mcheli]: Sent event IMCEvent to mod mcheli
[02:32:54] [Client thread/DEBUG] [FML/]: Bar Step: InterModComms$IMC - MC Helicopter Overdrive+ took 0.000s
[02:32:54] [Client thread/TRACE] [FML/]: Attempting to deliver 0 IMC messages to mod recipehandlerRC
[02:32:54] [Client thread/TRACE] [recipehandlerRC/recipehandlerRC]: Sending event IMCEvent to mod recipehandlerRC
[02:32:54] [Client thread/TRACE] [recipehandlerRC/recipehandlerRC]: Sent event IMCEvent to mod recipehandlerRC
[02:32:54] [Client thread/DEBUG] [FML/]: Bar Step: InterModComms$IMC - NoMoreRecipeConflict took 0.000s
[02:32:54] [Client thread/DEBUG] [FML/]: Bar Finished: InterModComms$IMC took 0.003s
[02:32:54] [Client thread/INFO] [FML/]: Injecting itemstacks
[02:32:54] [Client thread/INFO] [FML/]: Itemstack injection complete
[02:32:54] [Client thread/TRACE] [mcp/mcp]: Sending event FMLPostInitializationEvent to mod mcp
[02:32:54] [Client thread/TRACE] [mcp/mcp]: Sent event FMLPostInitializationEvent to mod mcp
[02:32:54] [Client thread/DEBUG] [FML/]: Bar Step: PostInitialization - Minecraft Coder Pack took 0.000s
[02:32:54] [Client thread/TRACE] [FML/FML]: Sending event FMLPostInitializationEvent to mod FML
[02:32:54] [Client thread/TRACE] [FML/FML]: Sent event FMLPostInitializationEvent to mod FML
[02:32:54] [Client thread/DEBUG] [FML/]: Bar Step: PostInitialization - Forge Mod Loader took 0.000s
[02:32:54] [Client thread/TRACE] [Forge/Forge]: Sending event FMLPostInitializationEvent to mod Forge
[02:32:54] [Client thread/TRACE] [Forge/Forge]: Sent event FMLPostInitializationEvent to mod Forge
[02:32:54] [Client thread/DEBUG] [FML/]: Bar Step: PostInitialization - Minecraft Forge took 0.048s
[02:32:54] [Client thread/TRACE] [ItemBlacklist/ItemBlacklist]: Sending event FMLPostInitializationEvent to mod ItemBlacklist
[02:32:54] [Client thread/TRACE] [ItemBlacklist/ItemBlacklist]: Sent event FMLPostInitializationEvent to mod ItemBlacklist
[02:32:54] [Client thread/DEBUG] [FML/]: Bar Step: PostInitialization - ItemBlacklist took 0.001s
[02:32:54] [Client thread/TRACE] [mcheli/mcheli]: Sending event FMLPostInitializationEvent to mod mcheli
[02:32:54] [Client thread/INFO] [mcheli/mcheli]: [Client] Unable to resolve DispenseItem for weapon '109raams': registry name 'hbm:tile.mine_he' on client side
[02:32:54] [Client thread/INFO] [mcheli/mcheli]: [Client] Unable to resolve DispenseItem for weapon '109raamssh': registry name 'hbm:tile.mine_he' on client side
[02:32:54] [Client thread/INFO] [mcheli/mcheli]: [Client] Unable to resolve DispenseItem for weapon '2981mm_mortar2': registry name 'hbm:item.grenade_flare' on client side
[02:32:54] [Client thread/INFO] [mcheli/mcheli]: [Client] Unable to resolve DispenseItem for weapon '9m2183': registry name 'hbm:tile.mine_he' on client side
[02:32:54] [Client thread/INFO] [mcheli/mcheli]: [Client] Unable to resolve DispenseItem for weapon 'gas1': registry name 'hbm:item.disperser_canister' on client side
[02:32:54] [Client thread/INFO] [mcheli/mcheli]: [Client] Unable to resolve DispenseItem for weapon 'memeflare': registry name 'hbm:item.grenade_flare' on client side
[02:32:54] [Client thread/INFO] [mcheli/mcheli]: [Client] Unable to resolve DispenseItem for weapon 'mfom227mm2': registry name 'hbm:tile.mine_he' on client side
[02:32:54] [Client thread/INFO] [mcheli/mcheli]: [Client] Unable to resolve DispenseItem for weapon 'sherman105mm_m3wp': registry name 'hbm:item.disperser_canister' on client side
[02:32:54] [Client thread/INFO] [mcheli/mcheli]: [Client] Unable to resolve DispenseItem for weapon 'uragan220mmatm': registry name 'hbm:tile.mine_he' on client side
[02:32:54] [Client thread/INFO] [mcheli/mcheli]: [Client] Unable to resolve DispenseItem for weapon 'uragan220mmatm2': registry name 'hbm:tile.mine_ap' on client side
[02:32:54] [Client thread/TRACE] [mcheli/mcheli]: Sent event FMLPostInitializationEvent to mod mcheli
[02:32:54] [Client thread/DEBUG] [FML/]: Bar Step: PostInitialization - MC Helicopter Overdrive+ took 0.032s
[02:32:54] [Client thread/TRACE] [recipehandlerRC/recipehandlerRC]: Sending event FMLPostInitializationEvent to mod recipehandlerRC
[02:32:54] [Client thread/TRACE] [recipehandlerRC/recipehandlerRC]: Sent event FMLPostInitializationEvent to mod recipehandlerRC
[02:32:54] [Client thread/DEBUG] [FML/]: Bar Step: PostInitialization - NoMoreRecipeConflict took 0.001s
[02:32:54] [Client thread/DEBUG] [FML/]: Bar Finished: PostInitialization took 0.081s
[02:32:54] [Client thread/TRACE] [mcp/mcp]: Sending event FMLLoadCompleteEvent to mod mcp
[02:32:54] [Client thread/TRACE] [mcp/mcp]: Sent event FMLLoadCompleteEvent to mod mcp
[02:32:54] [Client thread/DEBUG] [FML/]: Bar Step: LoadComplete - Minecraft Coder Pack took 0.000s
[02:32:54] [Client thread/TRACE] [FML/FML]: Sending event FMLLoadCompleteEvent to mod FML
[02:32:54] [Client thread/TRACE] [FML/FML]: Sent event FMLLoadCompleteEvent to mod FML
[02:32:54] [Client thread/DEBUG] [FML/]: Bar Step: LoadComplete - Forge Mod Loader took 0.000s
[02:32:54] [Client thread/TRACE] [Forge/Forge]: Sending event FMLLoadCompleteEvent to mod Forge
[02:32:54] [Client thread/DEBUG] [FML/Forge]: Forge RecipeSorter Baking:
[02:32:54] [Client thread/DEBUG] [FML/Forge]:   11: RecipeEntry("Before", UNKNOWN, )
[02:32:54] [Client thread/DEBUG] [FML/Forge]:   10: RecipeEntry("minecraft:shaped", SHAPED, net.minecraft.item.crafting.ShapedRecipes) Before: minecraft:shapeless
[02:32:54] [Client thread/DEBUG] [FML/Forge]:   9: RecipeEntry("forge:shapedore", SHAPED, net.minecraftforge.oredict.ShapedOreRecipe) Before: minecraft:shapeless After: minecraft:shaped
[02:32:54] [Client thread/DEBUG] [FML/Forge]:   8: RecipeEntry("minecraft:mapextending", SHAPED, net.minecraft.item.crafting.RecipesMapExtending) Before: minecraft:shapeless After: minecraft:shaped
[02:32:54] [Client thread/DEBUG] [FML/Forge]:   7: RecipeEntry("minecraft:shapeless", SHAPELESS, net.minecraft.item.crafting.ShapelessRecipes) After: minecraft:shaped
[02:32:54] [Client thread/DEBUG] [FML/Forge]:   6: RecipeEntry("forge:shapelessore", SHAPELESS, net.minecraftforge.oredict.ShapelessOreRecipe) After: minecraft:shapeless
[02:32:54] [Client thread/DEBUG] [FML/Forge]:   5: RecipeEntry("minecraft:armordyes", SHAPELESS, net.minecraft.item.crafting.RecipesArmorDyes) After: minecraft:shapeless
[02:32:54] [Client thread/DEBUG] [FML/Forge]:   4: RecipeEntry("minecraft:fireworks", SHAPELESS, net.minecraft.item.crafting.RecipeFireworks) After: minecraft:shapeless
[02:32:54] [Client thread/DEBUG] [FML/Forge]:   3: RecipeEntry("minecraft:bookcloning", SHAPELESS, net.minecraft.item.crafting.RecipeBookCloning) After: minecraft:shapeless
[02:32:54] [Client thread/DEBUG] [FML/Forge]:   2: RecipeEntry("minecraft:mapcloning", SHAPELESS, net.minecraft.item.crafting.RecipesMapCloning) After: minecraft:shapeless
[02:32:54] [Client thread/DEBUG] [FML/Forge]:   1: RecipeEntry("After", UNKNOWN, )
[02:32:54] [Client thread/DEBUG] [FML/Forge]: Sorting recipies
[02:32:54] [Client thread/INFO] [FML/Forge]:   Unknown recipe class! mcheli.MCH_RecipeFuel Modder please refer to net.minecraftforge.oredict.RecipeSorter
[02:32:54] [Client thread/INFO] [FML/Forge]:   Unknown recipe class! mcheli.MCH_RecipeReloadRangeFinder Modder please refer to net.minecraftforge.oredict.RecipeSorter
[02:32:54] [Client thread/TRACE] [Forge/Forge]: Sent event FMLLoadCompleteEvent to mod Forge
[02:32:54] [Client thread/DEBUG] [FML/]: Bar Step: LoadComplete - Minecraft Forge took 0.005s
[02:32:54] [Client thread/TRACE] [ItemBlacklist/ItemBlacklist]: Sending event FMLLoadCompleteEvent to mod ItemBlacklist
[02:32:54] [Client thread/TRACE] [ItemBlacklist/ItemBlacklist]: Sent event FMLLoadCompleteEvent to mod ItemBlacklist
[02:32:54] [Client thread/DEBUG] [FML/]: Bar Step: LoadComplete - ItemBlacklist took 0.000s
[02:32:54] [Client thread/TRACE] [mcheli/mcheli]: Sending event FMLLoadCompleteEvent to mod mcheli
[02:32:54] [Client thread/TRACE] [mcheli/mcheli]: Sent event FMLLoadCompleteEvent to mod mcheli
[02:32:54] [Client thread/DEBUG] [FML/]: Bar Step: LoadComplete - MC Helicopter Overdrive+ took 0.001s
[02:32:54] [Client thread/TRACE] [recipehandlerRC/recipehandlerRC]: Sending event FMLLoadCompleteEvent to mod recipehandlerRC
[02:32:54] [Client thread/TRACE] [recipehandlerRC/recipehandlerRC]: Sent event FMLLoadCompleteEvent to mod recipehandlerRC
[02:32:54] [Client thread/DEBUG] [FML/]: Bar Step: LoadComplete - NoMoreRecipeConflict took 0.000s
[02:32:54] [Client thread/DEBUG] [FML/]: Bar Finished: LoadComplete took 0.007s
[02:32:54] [Client thread/DEBUG] [FML/]: Freezing block and item id maps
[02:32:54] [Client thread/DEBUG] [FML/]: Registry consistency check successful
[02:32:54] [Client thread/DEBUG] [FML/]: Registry consistency check successful
[02:32:54] [Client thread/INFO] [FML/]: Forge Mod Loader has successfully loaded 6 mods
[02:32:54] [Client thread/DEBUG] [FML/]: Bar Step: Loading Resources - Default took 0.001s
[02:32:54] [Client thread/DEBUG] [FML/]: Bar Step: Loading Resources - FMLFileResourcePack:Forge Mod Loader took 0.003s
[02:32:54] [Client thread/DEBUG] [FML/]: Bar Step: Loading Resources - FMLFileResourcePack:Minecraft Forge took 0.003s
[02:32:54] [Client thread/DEBUG] [FML/]: Bar Step: Loading Resources - FMLFileResourcePack:ItemBlacklist took 0.000s
[02:32:54] [Client thread/DEBUG] [FML/]: Bar Step: Loading Resources - FMLFileResourcePack:MC Helicopter Overdrive+ took 0.007s
[02:32:54] [Client thread/DEBUG] [FML/]: Bar Step: Loading Resources - FMLFileResourcePack:NoMoreRecipeConflict took 0.000s
[02:32:54] [Client thread/DEBUG] [FML/]: Bar Step: Loading Resources - MCHeli Live Development Resources took 0.000s
[02:32:54] [Client thread/DEBUG] [FML/]: Bar Finished: Texture Loading took 0.112s
[02:32:54] [Client thread/DEBUG] [FML/]: Bar Finished: Mipmap generation took 0.205s
[02:32:54] [Client thread/DEBUG] [FML/]: Bar Finished: Texture stitching took 0.010s
[02:32:54] [Client thread/DEBUG] [FML/]: Bar Finished: Texture creation took 0.022s
[02:32:54] [Client thread/DEBUG] [FML/]: Bar Step: Reloading Texture Manager - minecraft:textures/atlas/blocks.png took 0.339s
[02:32:54] [Client thread/DEBUG] [FML/]: Bar Step: Reloading Texture Manager - minecraft:textures/font/ascii.png took 0.002s
[02:32:54] [Client thread/DEBUG] [FML/]: Bar Step: Reloading Texture Manager - minecraft:dynamic/lightMap_1 took 0.000s
[02:32:54] [Client thread/DEBUG] [FML/]: Bar Step: Reloading Texture Manager - minecraft:textures/font/ascii_sga.png took 0.002s
[02:32:55] [Client thread/DEBUG] [FML/]: Bar Finished: Texture Loading took 0.349s
[02:32:55] [Client thread/DEBUG] [FML/]: Bar Finished: Mipmap generation took 0.007s
[02:32:55] [Client thread/DEBUG] [FML/]: Bar Finished: Texture stitching took 0.041s
[02:32:55] [Client thread/DEBUG] [FML/]: Bar Finished: Texture creation took 0.047s
[02:32:55] [Client thread/DEBUG] [FML/]: Bar Step: Reloading Texture Manager - minecraft:textures/atlas/items.png took 0.404s
[02:32:55] [Client thread/DEBUG] [FML/]: Bar Finished: Reloading Texture Manager took 0.747s
[02:32:55] [Client thread/INFO] [STDOUT/]: [paulscode.sound.SoundSystemLogger:message:69]: 
[02:32:55] [Client thread/INFO] [STDOUT/]: [paulscode.sound.SoundSystemLogger:message:69]: SoundSystem shutting down...
[02:32:55] [Client thread/INFO] [STDOUT/]: [paulscode.sound.SoundSystemLogger:importantMessage:90]:     Author: Paul Lamb, www.paulscode.com
[02:32:55] [Client thread/INFO] [STDOUT/]: [paulscode.sound.SoundSystemLogger:message:69]: 
[02:32:55] [Sound Library Loader/INFO] [STDOUT/]: [paulscode.sound.SoundSystemLogger:message:69]: 
[02:32:55] [Sound Library Loader/INFO] [STDOUT/]: [paulscode.sound.SoundSystemLogger:message:69]: Starting up SoundSystem...
[02:32:55] [Thread-9/INFO] [STDOUT/]: [paulscode.sound.SoundSystemLogger:message:69]: Initializing LWJGL OpenAL
[02:32:55] [Thread-9/INFO] [STDOUT/]: [paulscode.sound.SoundSystemLogger:message:69]:     (The LWJGL binding of OpenAL.  For more information, see http://www.lwjgl.org)
[02:32:55] [Thread-9/INFO] [STDOUT/]: [paulscode.sound.SoundSystemLogger:message:69]: OpenAL initialized.
[02:32:56] [Client thread/DEBUG] [FML/]: Bar Finished: Reloading took 1.487s
[02:32:56] [Client thread/DEBUG] [FML/]: Bar Step: Loading Resources - Reloading listeners took 1.487s
[02:32:56] [Client thread/DEBUG] [FML/]: Bar Finished: Loading Resources took 1.501s
[02:32:56] [Client thread/DEBUG] [Forge Mod Loader/]: Mod Forge Mod Loader is missing a pack.mcmeta file, substituting a dummy one
[02:32:56] [Client thread/DEBUG] [Minecraft Forge/]: Mod Minecraft Forge is missing a pack.mcmeta file, substituting a dummy one
[02:32:56] [Client thread/DEBUG] [ItemBlacklist/]: Mod ItemBlacklist is missing a pack.mcmeta file, substituting a dummy one
[02:32:56] [Client thread/DEBUG] [MC Helicopter Overdrive+/]: Mod MC Helicopter Overdrive+ is missing a pack.mcmeta file, substituting a dummy one
[02:32:56] [Client thread/DEBUG] [FML/]: Bar Finished: Loading took 69.376s
[02:32:56] [Client thread/ERROR] [TEXTURE ERRORS/]: +=+=+=+=+=+=+=+=+=+=+=+=+=+=+=+=+=+=+=+=+=+=+=+=+=
[02:32:56] [Client thread/ERROR] [TEXTURE ERRORS/]: The following texture errors were found.
[02:32:56] [Client thread/ERROR] [TEXTURE ERRORS/]: ==================================================
[02:32:56] [Client thread/ERROR] [TEXTURE ERRORS/]:   DOMAIN mcheli
[02:32:56] [Client thread/ERROR] [TEXTURE ERRORS/]: --------------------------------------------------
[02:32:56] [Client thread/ERROR] [TEXTURE ERRORS/]:   domain mcheli is missing 6 textures
[02:32:56] [Client thread/ERROR] [TEXTURE ERRORS/]:     domain mcheli has 2 locations:
[02:32:56] [Client thread/ERROR] [TEXTURE ERRORS/]:       mod mcheli resources at C:\Users\Owner\Documents\Downloads\bullshit\ItemBlacklistUnfucked\build\devmods\remapped\Mcheli Overdrive v2.1-deobf.jar
[02:32:56] [Client thread/ERROR] [TEXTURE ERRORS/]:       unknown resourcepack type mcheli.MCH_AddonResourcePack : MCHeli Live Development Resources
[02:32:56] [Client thread/ERROR] [TEXTURE ERRORS/]: -------------------------
[02:32:56] [Client thread/ERROR] [TEXTURE ERRORS/]:     The missing resources for domain mcheli are:
[02:32:56] [Client thread/ERROR] [TEXTURE ERRORS/]:       textures/items/ohiotrident1.png
[02:32:56] [Client thread/ERROR] [TEXTURE ERRORS/]:       textures/items/fuel_trucksv.png
[02:32:56] [Client thread/ERROR] [TEXTURE ERRORS/]:       textures/items/ohio.png
[02:32:56] [Client thread/ERROR] [TEXTURE ERRORS/]:       textures/items/ammo_boxsv.png
[02:32:56] [Client thread/ERROR] [TEXTURE ERRORS/]:       textures/items/ohiotrident2.png
[02:32:56] [Client thread/ERROR] [TEXTURE ERRORS/]:       textures/items/skintest.png
[02:32:56] [Client thread/ERROR] [TEXTURE ERRORS/]: -------------------------
[02:32:56] [Client thread/ERROR] [TEXTURE ERRORS/]:     No other errors exist for domain mcheli
[02:32:56] [Client thread/ERROR] [TEXTURE ERRORS/]: ==================================================
[02:32:56] [Client thread/ERROR] [TEXTURE ERRORS/]: +=+=+=+=+=+=+=+=+=+=+=+=+=+=+=+=+=+=+=+=+=+=+=+=+=
[02:32:56] [Sound Library Loader/INFO] [STDOUT/]: [paulscode.sound.SoundSystemLogger:message:69]: 
[02:33:04] [Client thread/DEBUG] [FML/]: Gathering id map for writing to world save retard
[02:33:04] [Server thread/TRACE] [mcp/mcp]: Sending event FMLServerAboutToStartEvent to mod mcp
[02:33:04] [Server thread/TRACE] [mcp/mcp]: Sent event FMLServerAboutToStartEvent to mod mcp
[02:33:04] [Server thread/DEBUG] [FML/]: Bar Step: ServerAboutToStart - Minecraft Coder Pack took 0.000s
[02:33:04] [Server thread/TRACE] [FML/FML]: Sending event FMLServerAboutToStartEvent to mod FML
[02:33:04] [Server thread/TRACE] [FML/FML]: Sent event FMLServerAboutToStartEvent to mod FML
[02:33:04] [Server thread/DEBUG] [FML/]: Bar Step: ServerAboutToStart - Forge Mod Loader took 0.000s
[02:33:04] [Server thread/TRACE] [Forge/Forge]: Sending event FMLServerAboutToStartEvent to mod Forge
[02:33:04] [Server thread/TRACE] [Forge/Forge]: Sent event FMLServerAboutToStartEvent to mod Forge
[02:33:04] [Server thread/DEBUG] [FML/]: Bar Step: ServerAboutToStart - Minecraft Forge took 0.000s
[02:33:04] [Server thread/TRACE] [ItemBlacklist/ItemBlacklist]: Sending event FMLServerAboutToStartEvent to mod ItemBlacklist
[02:33:04] [Server thread/TRACE] [ItemBlacklist/ItemBlacklist]: Sent event FMLServerAboutToStartEvent to mod ItemBlacklist
[02:33:04] [Server thread/DEBUG] [FML/]: Bar Step: ServerAboutToStart - ItemBlacklist took 0.000s
[02:33:04] [Server thread/TRACE] [mcheli/mcheli]: Sending event FMLServerAboutToStartEvent to mod mcheli
[02:33:04] [Server thread/TRACE] [mcheli/mcheli]: Sent event FMLServerAboutToStartEvent to mod mcheli
[02:33:04] [Server thread/DEBUG] [FML/]: Bar Step: ServerAboutToStart - MC Helicopter Overdrive+ took 0.000s
[02:33:04] [Server thread/TRACE] [recipehandlerRC/recipehandlerRC]: Sending event FMLServerAboutToStartEvent to mod recipehandlerRC
[02:33:04] [Server thread/TRACE] [recipehandlerRC/recipehandlerRC]: Sent event FMLServerAboutToStartEvent to mod recipehandlerRC
[02:33:04] [Server thread/DEBUG] [FML/]: Bar Step: ServerAboutToStart - NoMoreRecipeConflict took 0.000s
[02:33:04] [Server thread/DEBUG] [FML/]: Bar Finished: ServerAboutToStart took 0.001s
[02:33:04] [Server thread/DEBUG] [FML/]: Gathering id map for writing to world save retard
[02:33:04] [Server thread/INFO] [FML/]: Injecting existing block and item data into this server instance
[02:33:04] [Server thread/DEBUG] [FML/]: Registry consistency check successful
[02:33:04] [Server thread/DEBUG] [FML/]: Registry consistency check successful
[02:33:04] [Server thread/TRACE] [mcp/mcp]: Sending event FMLModIdMappingEvent to mod mcp
[02:33:04] [Server thread/TRACE] [mcp/mcp]: Sent event FMLModIdMappingEvent to mod mcp
[02:33:04] [Server thread/DEBUG] [FML/]: Bar Step: ModIdMapping - Minecraft Coder Pack took 0.000s
[02:33:04] [Server thread/TRACE] [FML/FML]: Sending event FMLModIdMappingEvent to mod FML
[02:33:04] [Server thread/TRACE] [FML/FML]: Sent event FMLModIdMappingEvent to mod FML
[02:33:04] [Server thread/DEBUG] [FML/]: Bar Step: ModIdMapping - Forge Mod Loader took 0.000s
[02:33:04] [Server thread/TRACE] [Forge/Forge]: Sending event FMLModIdMappingEvent to mod Forge
[02:33:04] [Server thread/TRACE] [Forge/Forge]: Sent event FMLModIdMappingEvent to mod Forge
[02:33:04] [Server thread/DEBUG] [FML/]: Bar Step: ModIdMapping - Minecraft Forge took 0.001s
[02:33:04] [Server thread/TRACE] [ItemBlacklist/ItemBlacklist]: Sending event FMLModIdMappingEvent to mod ItemBlacklist
[02:33:04] [Server thread/TRACE] [ItemBlacklist/ItemBlacklist]: Sent event FMLModIdMappingEvent to mod ItemBlacklist
[02:33:04] [Server thread/DEBUG] [FML/]: Bar Step: ModIdMapping - ItemBlacklist took 0.000s
[02:33:04] [Server thread/TRACE] [mcheli/mcheli]: Sending event FMLModIdMappingEvent to mod mcheli
[02:33:04] [Server thread/TRACE] [mcheli/mcheli]: Sent event FMLModIdMappingEvent to mod mcheli
[02:33:04] [Server thread/DEBUG] [FML/]: Bar Step: ModIdMapping - MC Helicopter Overdrive+ took 0.000s
[02:33:04] [Server thread/TRACE] [recipehandlerRC/recipehandlerRC]: Sending event FMLModIdMappingEvent to mod recipehandlerRC
[02:33:04] [Server thread/TRACE] [recipehandlerRC/recipehandlerRC]: Sent event FMLModIdMappingEvent to mod recipehandlerRC
[02:33:04] [Server thread/DEBUG] [FML/]: Bar Step: ModIdMapping - NoMoreRecipeConflict took 0.000s
[02:33:04] [Server thread/DEBUG] [FML/]: Bar Finished: ModIdMapping took 0.001s
[02:33:04] [Server thread/INFO] [FML/]: Applying holder lookups
[02:33:04] [Server thread/INFO] [FML/]: Holder lookups applied
[02:33:04] [Server thread/DEBUG] [FML/]: Loading persistent fluid defaults from world
[02:33:04] [Server thread/DEBUG] [FML/]: The fluid minecraft:lava has been selected as the default fluid for lava
[02:33:04] [Server thread/DEBUG] [FML/]: The fluid minecraft:water has been selected as the default fluid for water
[02:33:04] [Server thread/INFO] [FML/]: Loading dimension 0 (retard) (net.minecraft.server.integrated.IntegratedServer@246649c5)
[02:33:04] [Server thread/INFO] [FML/]: Loading dimension 1 (retard) (net.minecraft.server.integrated.IntegratedServer@246649c5)
[02:33:04] [Server thread/INFO] [FML/]: Loading dimension -1 (retard) (net.minecraft.server.integrated.IntegratedServer@246649c5)
[02:33:05] [Server thread/TRACE] [mcp/mcp]: Sending event FMLServerStartingEvent to mod mcp
[02:33:05] [Server thread/TRACE] [mcp/mcp]: Sent event FMLServerStartingEvent to mod mcp
[02:33:05] [Server thread/DEBUG] [FML/]: Bar Step: ServerStarting - Minecraft Coder Pack took 0.000s
[02:33:05] [Server thread/TRACE] [FML/FML]: Sending event FMLServerStartingEvent to mod FML
[02:33:05] [Server thread/TRACE] [FML/FML]: Sent event FMLServerStartingEvent to mod FML
[02:33:05] [Server thread/DEBUG] [FML/]: Bar Step: ServerStarting - Forge Mod Loader took 0.000s
[02:33:05] [Server thread/TRACE] [Forge/Forge]: Sending event FMLServerStartingEvent to mod Forge
[02:33:05] [Server thread/TRACE] [Forge/Forge]: Sent event FMLServerStartingEvent to mod Forge
[02:33:05] [Server thread/DEBUG] [FML/]: Bar Step: ServerStarting - Minecraft Forge took 0.001s
[02:33:05] [Server thread/TRACE] [ItemBlacklist/ItemBlacklist]: Sending event FMLServerStartingEvent to mod ItemBlacklist
[02:33:05] [Server thread/WARN] [ItemBlacklist/ItemBlacklist]: No config file present.
[02:33:05] [Server thread/TRACE] [ItemBlacklist/ItemBlacklist]: Sent event FMLServerStartingEvent to mod ItemBlacklist
[02:33:05] [Server thread/DEBUG] [FML/]: Bar Step: ServerStarting - ItemBlacklist took 0.011s
[02:33:05] [Server thread/TRACE] [mcheli/mcheli]: Sending event FMLServerStartingEvent to mod mcheli
[02:33:05] [Server thread/TRACE] [mcheli/mcheli]: Sent event FMLServerStartingEvent to mod mcheli
[02:33:05] [Server thread/DEBUG] [FML/]: Bar Step: ServerStarting - MC Helicopter Overdrive+ took 0.007s
[02:33:05] [Server thread/TRACE] [recipehandlerRC/recipehandlerRC]: Sending event FMLServerStartingEvent to mod recipehandlerRC
[02:33:05] [Server thread/TRACE] [recipehandlerRC/recipehandlerRC]: Sent event FMLServerStartingEvent to mod recipehandlerRC
[02:33:05] [Server thread/DEBUG] [FML/]: Bar Step: ServerStarting - NoMoreRecipeConflict took 0.000s
[02:33:05] [Server thread/DEBUG] [FML/]: Bar Finished: ServerStarting took 0.020s
[02:33:05] [Server thread/TRACE] [mcp/mcp]: Sending event FMLServerStartedEvent to mod mcp
[02:33:05] [Server thread/TRACE] [mcp/mcp]: Sent event FMLServerStartedEvent to mod mcp
[02:33:05] [Server thread/DEBUG] [FML/]: Bar Step: ServerStarted - Minecraft Coder Pack took 0.000s
[02:33:05] [Server thread/TRACE] [FML/FML]: Sending event FMLServerStartedEvent to mod FML
[02:33:05] [Server thread/TRACE] [FML/FML]: Sent event FMLServerStartedEvent to mod FML
[02:33:05] [Server thread/DEBUG] [FML/]: Bar Step: ServerStarted - Forge Mod Loader took 0.000s
[02:33:05] [Server thread/TRACE] [Forge/Forge]: Sending event FMLServerStartedEvent to mod Forge
[02:33:05] [Server thread/TRACE] [Forge/Forge]: Sent event FMLServerStartedEvent to mod Forge
[02:33:05] [Server thread/DEBUG] [FML/]: Bar Step: ServerStarted - Minecraft Forge took 0.000s
[02:33:05] [Server thread/TRACE] [ItemBlacklist/ItemBlacklist]: Sending event FMLServerStartedEvent to mod ItemBlacklist
[02:33:05] [Server thread/TRACE] [ItemBlacklist/ItemBlacklist]: Sent event FMLServerStartedEvent to mod ItemBlacklist
[02:33:05] [Server thread/DEBUG] [FML/]: Bar Step: ServerStarted - ItemBlacklist took 0.000s
[02:33:05] [Server thread/TRACE] [mcheli/mcheli]: Sending event FMLServerStartedEvent to mod mcheli
[02:33:05] [Server thread/TRACE] [mcheli/mcheli]: Sent event FMLServerStartedEvent to mod mcheli
[02:33:05] [Server thread/DEBUG] [FML/]: Bar Step: ServerStarted - MC Helicopter Overdrive+ took 0.004s
[02:33:05] [Server thread/TRACE] [recipehandlerRC/recipehandlerRC]: Sending event FMLServerStartedEvent to mod recipehandlerRC
[02:33:05] [Server thread/TRACE] [recipehandlerRC/recipehandlerRC]: Sent event FMLServerStartedEvent to mod recipehandlerRC
[02:33:05] [Server thread/DEBUG] [FML/]: Bar Step: ServerStarted - NoMoreRecipeConflict took 0.000s
[02:33:05] [Server thread/DEBUG] [FML/]: Bar Finished: ServerStarted took 0.005s
[02:33:05] [Netty Client IO #0/DEBUG] [FML/]: Server FML protocol version 2, 4 byte dimension received 0
[02:33:05] [Netty Client IO #0/TRACE] [FML/]: $ServerHello->FMLHandshakeClientState$2:HELLO
[02:33:05] [Netty Client IO #0/INFO] [FML/]: Server protocol version 2
[02:33:05] [Netty Client IO #0/DEBUG] [FML/]: Received override dimension 0
[02:33:05] [Netty IO #1/TRACE] [FML/]: $ClientHello->FMLHandshakeServerState$2:HELLO
[02:33:05] [Netty IO #1/INFO] [FML/]: Client protocol version 2
[02:33:05] [Netty IO #1/TRACE] [FML/]: $ModList:6 mods->FMLHandshakeServerState$2:HELLO
[02:33:05] [Netty IO #1/INFO] [FML/]: Client attempting to join with 6 mods : FML@7.10.99.99,mcheli@2.1,recipehandlerRC@0.3,Forge@10.13.4.1614,mcp@9.05,ItemBlacklist@1.2.0
[02:33:05] [Netty IO #1/INFO] [FML/]: Attempting connection with missing mods [] at CLIENT
[02:33:05] [Netty Client IO #0/TRACE] [FML/]: $ModList:6 mods->FMLHandshakeClientState$3:WAITINGSERVERDATA
[02:33:05] [Netty Client IO #0/INFO] [FML/]: Attempting connection with missing mods [] at SERVER
[02:33:05] [Netty IO #1/TRACE] [FML/]: $HandshakeAck:{2}->FMLHandshakeServerState$3:WAITINGCACK
[02:33:05] [Netty Client IO #0/TRACE] [FML/]: $HandshakeAck:{2}->FMLHandshakeClientState$5:PENDINGCOMPLETE
[02:33:05] [Netty IO #1/TRACE] [FML/]: $HandshakeAck:{4}->FMLHandshakeServerState$4:COMPLETE
[02:33:05] [Netty Client IO #0/TRACE] [FML/]: $HandshakeAck:{3}->FMLHandshakeClientState$6:COMPLETE
[02:33:05] [Netty IO #1/TRACE] [FML/]: $HandshakeAck:{5}->FMLHandshakeServerState$5:DONE
[02:33:05] [Server thread/INFO] [FML/]: [Server thread] Server side modded connection established
[02:33:05] [Client thread/DEBUG] [FML/]: The fluid minecraft:lava has been selected as the default fluid for lava
[02:33:05] [Client thread/DEBUG] [FML/]: The fluid minecraft:water has been selected as the default fluid for water
[02:33:05] [Client thread/INFO] [FML/]: [Client thread] Client side modded connection established
[02:33:05] [Client thread/DEBUG] [FML/]: Overriding dimension: using 0
[02:33:06] [Client thread/INFO] [mcheli/]: [Client] [MCHeli][NewPlaneOverlay] post event entered type=HELMET
[02:33:06] [Client thread/INFO] [mcheli/]: [Client] [MCHeli][NewPlaneOverlay] first overlay state query reached
[02:33:08] [Server thread/DEBUG] [FML/]: Gathering id map for writing to world save retard
[02:33:20] [Server thread/DEBUG] [FML/]: Gathering id map for writing to world save retard
[02:33:32] [Server thread/DEBUG] [FML/]: Gathering id map for writing to world save retard
[02:33:32] [Server thread/TRACE] [mcp/mcp]: Sending event FMLServerStoppingEvent to mod mcp
[02:33:32] [Server thread/TRACE] [mcp/mcp]: Sent event FMLServerStoppingEvent to mod mcp
[02:33:32] [Server thread/DEBUG] [FML/]: Bar Step: ServerStopping - Minecraft Coder Pack took 0.000s
[02:33:32] [Server thread/TRACE] [FML/FML]: Sending event FMLServerStoppingEvent to mod FML
[02:33:32] [Server thread/TRACE] [FML/FML]: Sent event FMLServerStoppingEvent to mod FML
[02:33:32] [Server thread/DEBUG] [FML/]: Bar Step: ServerStopping - Forge Mod Loader took 0.000s
[02:33:32] [Server thread/TRACE] [Forge/Forge]: Sending event FMLServerStoppingEvent to mod Forge
[02:33:32] [Server thread/TRACE] [Forge/Forge]: Sent event FMLServerStoppingEvent to mod Forge
[02:33:32] [Server thread/DEBUG] [FML/]: Bar Step: ServerStopping - Minecraft Forge took 0.000s
[02:33:32] [Server thread/TRACE] [ItemBlacklist/ItemBlacklist]: Sending event FMLServerStoppingEvent to mod ItemBlacklist
[02:33:32] [Server thread/TRACE] [ItemBlacklist/ItemBlacklist]: Sent event FMLServerStoppingEvent to mod ItemBlacklist
[02:33:32] [Server thread/DEBUG] [FML/]: Bar Step: ServerStopping - ItemBlacklist took 0.000s
[02:33:32] [Server thread/TRACE] [mcheli/mcheli]: Sending event FMLServerStoppingEvent to mod mcheli
[02:33:32] [Server thread/TRACE] [mcheli/mcheli]: Sent event FMLServerStoppingEvent to mod mcheli
[02:33:32] [Server thread/DEBUG] [FML/]: Bar Step: ServerStopping - MC Helicopter Overdrive+ took 0.000s
[02:33:32] [Server thread/TRACE] [recipehandlerRC/recipehandlerRC]: Sending event FMLServerStoppingEvent to mod recipehandlerRC
[02:33:32] [Server thread/TRACE] [recipehandlerRC/recipehandlerRC]: Sent event FMLServerStoppingEvent to mod recipehandlerRC
[02:33:32] [Server thread/DEBUG] [FML/]: Bar Step: ServerStopping - NoMoreRecipeConflict took 0.000s
[02:33:32] [Server thread/DEBUG] [FML/]: Bar Finished: ServerStopping took 0.001s
[02:33:32] [Server thread/DEBUG] [FML/]: Gathering id map for writing to world save retard
[02:33:32] [Server thread/INFO] [FML/]: Unloading dimension 0
[02:33:32] [Server thread/INFO] [FML/]: Unloading dimension -1
[02:33:32] [Server thread/INFO] [FML/]: Unloading dimension 1
[02:33:32] [Server thread/DEBUG] [FML/]: Reverting to frozen data state.
[02:33:32] [Server thread/TRACE] [mcp/mcp]: Sending event FMLModIdMappingEvent to mod mcp
[02:33:32] [Server thread/TRACE] [mcp/mcp]: Sent event FMLModIdMappingEvent to mod mcp
[02:33:32] [Server thread/DEBUG] [FML/]: Bar Step: ModIdMapping - Minecraft Coder Pack took 0.000s
[02:33:32] [Server thread/TRACE] [FML/FML]: Sending event FMLModIdMappingEvent to mod FML
[02:33:32] [Server thread/TRACE] [FML/FML]: Sent event FMLModIdMappingEvent to mod FML
[02:33:32] [Server thread/DEBUG] [FML/]: Bar Step: ModIdMapping - Forge Mod Loader took 0.000s
[02:33:32] [Server thread/TRACE] [Forge/Forge]: Sending event FMLModIdMappingEvent to mod Forge
[02:33:33] [Server thread/TRACE] [Forge/Forge]: Sent event FMLModIdMappingEvent to mod Forge
[02:33:33] [Server thread/DEBUG] [FML/]: Bar Step: ModIdMapping - Minecraft Forge took 0.314s
[02:33:33] [Server thread/TRACE] [ItemBlacklist/ItemBlacklist]: Sending event FMLModIdMappingEvent to mod ItemBlacklist
[02:33:33] [Server thread/TRACE] [ItemBlacklist/ItemBlacklist]: Sent event FMLModIdMappingEvent to mod ItemBlacklist
[02:33:33] [Server thread/DEBUG] [FML/]: Bar Step: ModIdMapping - ItemBlacklist took 0.000s
[02:33:33] [Server thread/TRACE] [mcheli/mcheli]: Sending event FMLModIdMappingEvent to mod mcheli
[02:33:33] [Server thread/TRACE] [mcheli/mcheli]: Sent event FMLModIdMappingEvent to mod mcheli
[02:33:33] [Server thread/DEBUG] [FML/]: Bar Step: ModIdMapping - MC Helicopter Overdrive+ took 0.000s
[02:33:33] [Server thread/TRACE] [recipehandlerRC/recipehandlerRC]: Sending event FMLModIdMappingEvent to mod recipehandlerRC
[02:33:33] [Server thread/TRACE] [recipehandlerRC/recipehandlerRC]: Sent event FMLModIdMappingEvent to mod recipehandlerRC
[02:33:33] [Server thread/DEBUG] [FML/]: Bar Step: ModIdMapping - NoMoreRecipeConflict took 0.000s
[02:33:33] [Server thread/DEBUG] [FML/]: Bar Finished: ModIdMapping took 0.315s
[02:33:33] [Server thread/INFO] [FML/]: Applying holder lookups
[02:33:33] [Server thread/INFO] [FML/]: Holder lookups applied
[02:33:33] [Server thread/TRACE] [mcp/mcp]: Sending event FMLServerStoppedEvent to mod mcp
[02:33:33] [Server thread/TRACE] [mcp/mcp]: Sent event FMLServerStoppedEvent to mod mcp
[02:33:33] [Server thread/DEBUG] [FML/]: Bar Step: ServerStopped - Minecraft Coder Pack took 0.000s
[02:33:33] [Server thread/TRACE] [FML/FML]: Sending event FMLServerStoppedEvent to mod FML
[02:33:33] [Server thread/TRACE] [FML/FML]: Sent event FMLServerStoppedEvent to mod FML
[02:33:33] [Server thread/DEBUG] [FML/]: Bar Step: ServerStopped - Forge Mod Loader took 0.000s
[02:33:33] [Server thread/TRACE] [Forge/Forge]: Sending event FMLServerStoppedEvent to mod Forge
[02:33:33] [Server thread/TRACE] [Forge/Forge]: Sent event FMLServerStoppedEvent to mod Forge
[02:33:33] [Server thread/DEBUG] [FML/]: Bar Step: ServerStopped - Minecraft Forge took 0.000s
[02:33:33] [Server thread/TRACE] [ItemBlacklist/ItemBlacklist]: Sending event FMLServerStoppedEvent to mod ItemBlacklist
[02:33:33] [Server thread/TRACE] [ItemBlacklist/ItemBlacklist]: Sent event FMLServerStoppedEvent to mod ItemBlacklist
[02:33:33] [Server thread/DEBUG] [FML/]: Bar Step: ServerStopped - ItemBlacklist took 0.001s
[02:33:33] [Server thread/TRACE] [mcheli/mcheli]: Sending event FMLServerStoppedEvent to mod mcheli
[02:33:33] [Server thread/TRACE] [mcheli/mcheli]: Sent event FMLServerStoppedEvent to mod mcheli
[02:33:33] [Server thread/DEBUG] [FML/]: Bar Step: ServerStopped - MC Helicopter Overdrive+ took 0.000s
[02:33:33] [Server thread/TRACE] [recipehandlerRC/recipehandlerRC]: Sending event FMLServerStoppedEvent to mod recipehandlerRC
[02:33:33] [Server thread/TRACE] [recipehandlerRC/recipehandlerRC]: Sent event FMLServerStoppedEvent to mod recipehandlerRC
[02:33:33] [Server thread/DEBUG] [FML/]: Bar Step: ServerStopped - NoMoreRecipeConflict took 0.000s
[02:33:33] [Server thread/DEBUG] [FML/]: Bar Finished: ServerStopped took 0.002s
[02:33:33] [Client thread/INFO] [STDOUT/]: [paulscode.sound.SoundSystemLogger:message:69]: 
[02:33:33] [Client thread/INFO] [STDOUT/]: [paulscode.sound.SoundSystemLogger:message:69]: SoundSystem shutting down...
[02:33:34] [Client thread/INFO] [STDOUT/]: [paulscode.sound.SoundSystemLogger:importantMessage:90]:     Author: Paul Lamb, www.paulscode.com
[02:33:34] [Client thread/INFO] [STDOUT/]: [paulscode.sound.SoundSystemLogger:message:69]: 
